營業地址,統一編號,總機構統一編號,營業人名稱,資本額,設立日期,組織別名稱,使用統一發票,行業代號,名稱,行業代號1,名稱1,行業代號2,名稱2,行業代號3,名稱3
"新北市新莊區中誠里中港路４４５號１樓",41245084,,"何家天然杏仁豆腐冰",100000,1031219,獨資,N,563111,冰果店、冷（熱）飲店,,,,,,
"新北市新莊區中誠里中港路４４７號（１樓）",42712543,,"築宇國際有限公司",1000000,1050303,有限公司,Y,434013,房屋設備安裝工程,456213,廚櫃批發,,,,
"新北市新莊區中誠里中港路４４９號３樓",28897724,,"亨臻有限公司",1000000,0961228,有限公司,Y,160100,印刷,,,,,,
"新北市新莊區中誠里中港路４５１號１樓",87472651,,"老酒霸小食堂",200000,1091112,獨資,N,561113,麵店、小吃店,,,,,,
"新北市新莊區中誠里中港路４５３號１樓",31693745,,"建香現滷滷味店",100000,1010724,獨資,N,561115,餐館、餐廳,,,,,,
"新北市新莊區中誠里中港路４５７號（１樓）",41100432,,"摩奇島咖啡館",100000,1040202,獨資,N,561115,餐館、餐廳,,,,,,
"新北市新莊區中誠里中港路４６３號１樓",42241662,,"龍展車業行",200000,1050414,獨資,N,959100,機車維修,,,,,,
"新北市新莊區中誠里中港路４６５號１樓",30371534,,"其利鎖印中心",200000,0980410,獨資,N,959917,開鎖及配鎖,969018,刻印章,,,,
"新北市新莊區中誠里中誠街１１號２樓",27410436,,"新暉實業有限公司",1000000,0930804,有限公司,Y,455211,服裝批發,,,,,,
"新北市新莊區中誠里中誠街１１號４樓",22205148,,"榮鈦機械有限公司",1000000,0750613,有限公司,Y,241212,鑄鐵件鑄造,,,,,,
"新北市新莊區中誠里中誠街１５號",41397482,,"香柚子餐坊",80000,1040831,獨資,N,561111,早餐店,,,,,,
"新北市新莊區中誠里中誠街１５號５樓",89828067,,"鎬金有限公司",2000000,0830825,有限公司,Y,254411,基本金屬表面處理,,,,,,
"新北市新莊區中誠里中誠街１６巷１３號",83123154,,"合利資產管理有限公司",10000000,1090922,有限公司,N,681111,不動產買賣,434011,室內裝潢工程,,,,
"新北市新莊區中誠里中誠街１６巷１３號（１樓）",83108787,,"德倉不動產投資顧問股份有限公司",360000,1090820,股份有限公司,N,670012,不動產投資開發,,,,,,
"新北市新莊區中誠里中誠街１６巷１８號２樓",10060202,,"鉅富汽車材料行",200000,0961023,獨資,Y,484311,汽車零件、汽車百貨零售,,,,,,
"新北市新莊區中誠里中誠街１６巷２２號２樓",42739867,,"浤業工程有限公司",2000000,1070730,有限公司,Y,433211,冷凍、通風、空調系統裝修工程,,,,,,
"新北市新莊區中誠里中誠街１６巷２４號",54046088,,"高聖房屋廣告有限公司",1000000,1020315,有限公司,Y,681111,不動產買賣,681112,不動產租賃,,,,
"新北市新莊區中誠里中誠街１６巷３號１樓",02432193,,"鴻誼工程行",11111000,1021230,獨資,Y,464913,消防設備批發,461599,其他金屬建材批發,461912,矽酸鈣板批發,782000,人力供應
"新北市新莊區中誠里中誠街１６巷３號１樓",54836111,,"恆笙晟開發有限公司",11111000,1040427,有限公司,Y,461999,未分類其他建材批發,433900,其他建築設備安裝,,,,
"新北市新莊區中誠里中誠街１６巷５號１樓",28956785,,"萬大投資股份有限公司",2000000,0970410,股份有限公司,N,649911,投資有價證券,,,,,,
"新北市新莊區中誠里中誠街１６巷８―３號",41101880,,"勝方工程行",50000,1040211,獨資,Y,433900,其他建築設備安裝,451099,其他商品批發經紀,,,,
"新北市新莊區中誠里中誠街１６巷８號",69001004,,"喬億開發建設有限公司",1000000,1070109,有限公司,Y,681111,不動產買賣,434011,室內裝潢工程,,,,
"新北市新莊區中誠里中誠街１７號",24723414,,"河泰有限公司",1000000,1040127,有限公司,Y,456999,未分類其他家用器具及用品批發,456112,家用照明器材批發,,,,
"新北市新莊區中誠里中誠街１８號１樓",25018528,,"吉藤實業有限公司",3000000,0980826,有限公司,Y,464999,未分類其他機械器具批發,,,,,,
"新北市新莊區中誠里中誠街１９號",72656131,,"萌郁元氣蔬菜行",100000,1060623,獨資,N,472111,蔬菜零售,472112,水果零售,,,,
"新北市新莊區中誠里中誠街１９號１１樓",80542533,,"聖手廣告有限公司",500000,0921121,有限公司,Y,731011,廣告代理商,,,,,,
"新北市新莊區中誠里中誠街２６號之３",80746086,,"奇異果數位有限公司",500000,0930409,有限公司,N,483111,電腦及電腦週邊設備零售,,,,,,
"新北市新莊區中誠里中誠街３２―１號２樓",48883895,,"劉大工程行",100000,0960504,合夥,Y,812100,建築物一般清潔服務,,,,,,
"新北市新莊區中誠里中誠街３４號１樓",24385743,,"廣昱水電有限公司",2000000,0980409,有限公司,Y,433111,水電工程,,,,,,
"新北市新莊區中誠里中誠街３６之２號３樓",41100329,,"浤鑫工程行",200000,1040202,獨資,Y,433111,水電工程,,,,,,
"新北市新莊區中誠里中誠街３６號１樓",34782209,,"喬貞髮型工作坊",100000,0991004,獨資,N,962112,理髮店,,,,,,
"新北市新莊區中誠里中誠街３８號",02306409,,"鴻運來運動彩券行",200000,1021015,獨資,N,920011,彩券銷售,,,,,,
"新北市新莊區中誠里中誠街３８號１樓",37909525,,"金錢抱彩券行",200000,1020912,獨資,N,920011,彩券銷售,472914,飲料零售,,,,
"新北市新莊區中誠里中誠街４０號（１樓）",82142098,,"量子康健國際企業社",100000,1071101,獨資,N,472933,保健食品零售,,,,,,
"新北市新莊區中誠里中誠街４４號（１樓）",83454392,,"喬穎美容用品事業有限公司",100000,1081220,有限公司,Y,457299,其他化粧品批發,,,,,,
"新北市新莊區中誠里中誠街４６巷１５弄２號１樓",83153142,54164937,"三商家購股份有限公司新莊中誠二分公司",0,1090916,本國公司設立之分公司,Y,471112,直營連鎖式便利商店,,,,,,
"新北市新莊區中誠里中誠街４６巷１５弄４號１樓",91263564,,"黃清福",100000,1100510,獨資,N,561115,餐館、餐廳,,,,,,
"新北市新莊區中誠里中誠街４８號",41498144,,"邱佳琳",400000,1040519,獨資,N,561111,早餐店,,,,,,
"新北市新莊區中誠里中誠街４８號騎樓",41792300,,"邱美雪",8000,1040615,獨資,N,561200,餐食攤販,,,,,,
"新北市新莊區中誠里中誠街５號（１樓）",34028267,,"朝順建材行",480000,0640101,獨資,Y,461516,建材五金（基本金屬）批發,,,,,,
"新北市新莊區中誠里中誠街５４號１樓",12606622,,"五洲國際實業有限公司",1000000,0890919,有限公司,Y,483212,手機及手機週邊零配件零售,464111,電腦及電腦週邊設備批發,,,,
"新北市新莊區中誠里中誠街５８巷９之３號（４樓）",82298275,,"鑫達電機行",100000,1080110,獨資,Y,461515,建材五金（螺絲、螺帽、鉚釘等金屬製品）批發,,,,,,
"新北市新莊區中誠里中誠街７號（１樓）",09702636,,"益群汽車商行",200000,0950612,獨資,N,484311,汽車零件、汽車百貨零售,,,,,,
"新北市新莊區中誠里中誠街７０巷１０―２號３樓",16777674,,"仲翰股份有限公司",2000000,0880122,股份有限公司,Y,465311,汽車零件、汽車百貨批發,461516,建材五金（基本金屬）批發,,,,
"新北市新莊區中誠里中誠街７０巷１２之２號（３樓）",50852279,,"亦兆有限公司",500000,1070925,有限公司,N,454111,蔬菜批發,454112,水果批發,,,,
"新北市新莊區中誠里中誠街７０巷１２之２號（３樓）",82153600,,"多奇益商行",238000,1080102,獨資,Y,454111,蔬菜批發,454999,未分類其他食品批發,,,,
"新北市新莊區中誠里中誠街７０巷１２－１號２樓",36069066,,"弘泰塑膠鋼模廠",45000,0700907,獨資,Y,220999,未分類其他塑膠製品製造,,,,,,
"新北市新莊區中誠里中誠街７０巷１５號",53519812,,"珅揚有限公司",2000000,1000721,有限公司,Y,433212,管道工程,433115,消防警報系統裝修工程,,,,
"新北市新莊區中誠里中誠街７０巷４之１號（２樓）",66399114,,"童顏美肌有限公司",100000,1051223,有限公司,Y,487113,經營網路購物,,,,,,
"新北市新莊區中誠里中誠街７０巷５之１號（２樓）",83714475,,"鼎立聯合室內裝修有限公司",1000000,1090417,有限公司,Y,434015,室內裝修工程,,,,,,
"新北市新莊區中誠里中誠街７６號１樓",28351723,,"新燦有限公司",500000,0950720,有限公司,Y,434011,室內裝潢工程,,,,,,
"新北市新莊區中誠里中誠街７６號１樓",28621509,,"宏鵬精密科技有限公司",10000000,0960320,有限公司,Y,461516,建材五金（基本金屬）批發,461911,纖維板批發,481011,漆料及塗料零售,461400,漆料及塗料批發
"新北市新莊區中誠里中誠街７６號１樓",29158649,,"祐順防火門興業有限公司",2000000,0990526,有限公司,Y,434013,房屋設備安裝工程,,,,,,
"新北市新莊區中誠里中誠街７６號１樓",91338360,,"驊家小吃店",100000,1100830,獨資,N,561113,麵店、小吃店,,,,,,
"新北市新莊區中誠里中誠街８號",72660352,,"君瑪沙龍工作室",200000,1060714,獨資,N,962111,美髮院及髮廊,,,,,,
"新北市新莊區中誠里中誠街８２巷１號（１樓）",66904555,,"翔仲有限公司",10000000,1060914,有限公司,Y,434013,房屋設備安裝工程,,,,,,
"新北市新莊區中誠里中誠街８２巷１號１樓",68106509,,"翔甫工程有限公司",5000000,1061108,有限公司,Y,434013,房屋設備安裝工程,,,,,,
"新北市新莊區中誠里中誠街８２巷３―３號４樓",10391414,,"東洋多媒體工作室",50000,0971209,獨資,Y,760311,流行音樂歌手經紀,,,,,,
"新北市新莊區中誠里中誠街８２巷３之３號（４樓）",02395845,,"百福多媒體工作室",50000,1030326,獨資,N,760311,流行音樂歌手經紀,,,,,,
"新北市新莊區中誠里中誠街８２巷５號３樓",87303332,,"勇正水電工程行",100000,1090910,獨資,Y,433111,水電工程,,,,,,
"新北市新莊區中誠里中誠街９號",09943754,,"方寧西藥房",60000,0950922,獨資,N,475112,西藥零售,,,,,,
"新北市新莊區中誠里中誠街９號３樓",16967610,,"宗樺環境清潔有限公司",10000000,0880813,有限公司,Y,381111,一般事業廢棄物清除,,,,,,
"新北市新莊區中誠里幸福路６０７號",17292945,,"名鑽美容院",25000,0881012,獨資,N,962111,美髮院及髮廊,,,,,,
"新北市新莊區中誠里幸福路６０９號１樓",41485859,,"幾何沙龍",300000,1040430,獨資,N,962111,美髮院及髮廊,,,,,,
"新北市新莊區中誠里幸福路６１１號",47077710,,"新福國際有限公司",1000000,1050704,有限公司,Y,483299,其他通訊設備零售,,,,,,
"新北市新莊區中誠里幸福路６１１號３樓",72857664,,"憬鴻鋼鐵設計工程行",200000,1070124,獨資,Y,434011,室內裝潢工程,,,,,,
"新北市新莊區中誠里幸福路６１３號１樓",25022044,,"禾豐珠寶銀樓有限公司",500000,0980831,有限公司,Y,474512,珠寶零售,,,,,,
"新北市新莊區中誠里幸福路６１５號",87483539,,"富順蔬食餐飲店",240000,1091222,獨資,N,561115,餐館、餐廳,,,,,,
"新北市新莊區中誠里幸福路６１７號",73791536,,"小莆髮廊",30000,0870608,獨資,N,962111,美髮院及髮廊,,,,,,
"新北市新莊區中誠里福壽街１２４巷３２弄５－２號",99301773,,"冠淂企業社",240000,0921119,獨資,Y,462099,其他化學原材料及其製品批發,,,,,,
"新北市新莊區中誠里００２鄰中誠街４６巷２弄１號",50652890,,"信德小吃店",100000,1051207,獨資,N,561112,便當、自助餐店,,,,,,
"新北市新莊區中誠里００２鄰中誠街４６巷２弄４號",42737235,,"阿格斯廣告事業有限公司",300000,1070718,有限公司,Y,731099,其他廣告服務,,,,,,
"新北市新莊區中誠里００２鄰中誠街４６巷２弄５之４號（５樓）",85082474,,"緁鼎生技有限公司",1200000,1081204,有限公司,Y,454999,未分類其他食品批發,,,,,,
"新北市新莊區中誠里００２鄰中誠街４６巷４弄４號",86652803,,"金福興印刷事業有限公司",1000000,0810515,有限公司,Y,160100,印刷,160212,印刷品裝訂及加工,461400,漆料及塗料批發,820300,影印服務
"新北市新莊區中誠里００２鄰中誠街４６巷４弄６之３號",82808684,,"酈研國際有限公司",3000000,1080117,有限公司,Y,457299,其他化粧品批發,462099,其他化學原材料及其製品批發,193099,其他清潔用品及化粧品製造,475113,醫療耗材零售
"新北市新莊區中誠里００２鄰中誠街４６巷６弄２號",82149418,,"中元工程行",200000,1071210,獨資,Y,434011,室內裝潢工程,433111,水電工程,,,,
"新北市新莊區中誠里０１２鄰中港路３９７號１樓",24957025,,"圓相科技有限公司",450000,1040420,有限公司,Y,433112,電路工程,433115,消防警報系統裝修工程,,,,
"新北市新莊區中誠里０１２鄰中港路４０１號２樓",41085684,,"真芙雅養生硅藻浴店",200000,1031113,獨資,N,962299,其他美容美體服務,,,,,,
"新北市新莊區中誠里０１２鄰中港路４０７號３樓",42728165,,"德利工事實業有限公司",1000000,1070605,有限公司,Y,434011,室內裝潢工程,,,,,,
"新北市新莊區中誠里０１２鄰中港路４０９號（１樓）",91226436,,"簡簡單單企業社",200000,1100928,獨資,N,932414,夾娃娃機店,,,,,,
"新北市新莊區中誠里０１２鄰中港路４１１號１樓",85442652,,"卡哇伊蔬食坊",100000,1090731,獨資,N,561113,麵店、小吃店,,,,,,
"新北市新莊區中誠里０１２鄰中港路４１７巷３號（１樓）",91202413,,"艾蒂屋",10000,1100714,獨資,N,472999,未分類其他食品、飲料及菸草製品零售,,,,,,
"新北市新莊區中誠里０１２鄰中港路４１７巷５號１樓",87595540,,"藍小豬冰菓室",200000,1100208,獨資,N,563111,冰果店、冷（熱）飲店,,,,,,
"新北市新莊區中誠里０１２鄰中港路４１７巷７號３樓",24761845,,"策動行銷股份有限公司",1000000,1031028,股份有限公司,N,731099,其他廣告服務,,,,,,
"新北市新莊區中誠里０１２鄰中港路４１７巷７號３樓",53722646,,"史塔克創意數位設計有限公司",1000000,1010810,有限公司,N,620900,其他電腦相關服務,731099,其他廣告服務,483111,電腦及電腦週邊設備零售,639099,未分類其他資訊服務
"新北市新莊區中誠里１２鄰中港路４０５號２樓",99478336,,"長絲佳髮藝造型店",100000,0930422,獨資,N,962111,美髮院及髮廊,,,,,,
"新北市新莊區中誠里１２鄰中港路４１３，４１５號１樓",10079568,23060248,"全家便利商店股份有限公司新莊中美門市部",0,0961114,其他,Y,471112,直營連鎖式便利商店,,,,,,
"新北市新莊區中誠里１２鄰中港路４１７巷１號",10501313,,"紅蓮小吃店",100000,0961212,獨資,N,472999,未分類其他食品、飲料及菸草製品零售,932211,視唱中心（ＫＴＶ）,563114,飲酒店,561115,餐館、餐廳
"新北市新莊區中誠里２鄰中誠街４６巷２弄５之４號",54278072,,"佶旺有限公司",3100000,1020619,有限公司,Y,454700,非酒精飲料批發,454999,未分類其他食品批發,457299,其他化粧品批發,,
"新北市新莊區中誠里２鄰中誠街４６巷４弄１號",18256735,,"元展中藥行",80000,0890810,獨資,N,475111,中藥零售,,,,,,
"新北市新莊區中誠里２鄰中誠街４６巷４弄３―３號",53319357,,"美人咖啡有限公司",1000000,1000315,有限公司,Y,454999,未分類其他食品批發,,,,,,
"新北市新莊區中誠里２鄰中誠街４６巷４弄５號",79994544,,"異彩企業有限公司",1500000,0910718,有限公司,Y,455913,帆布製品批發,,,,,,
"新北市新莊區中隆里中原路１９３號",53694542,,"綠意築居室內裝修有限公司",500000,1010330,有限公司,Y,434015,室內裝修工程,434011,室內裝潢工程,433212,管道工程,434013,房屋設備安裝工程
"新北市新莊區中隆里中原路１９５號",42245479,,"居加生活商行",200000,1050502,獨資,N,474999,未分類其他家用器具及用品零售,,,,,,
"新北市新莊區中隆里中原路１９７之５號２樓",53435525,,"永立消防安全設備有限公司",500000,1000907,有限公司,Y,433115,消防警報系統裝修工程,434011,室內裝潢工程,434013,房屋設備安裝工程,461515,建材五金（螺絲、螺帽、鉚釘等金屬製品）批發
"新北市新莊區中隆里中原路１９９號２樓",69289528,,"竣穩環保有限公司",1000000,1070201,有限公司,Y,461516,建材五金（基本金屬）批發,381111,一般事業廢棄物清除,469199,其他回收物料批發,,
"新北市新莊區中隆里中原路１９９－１號２樓",53183942,,"佳冠室內裝修業股份有限公司",10000000,0991005,股份有限公司,Y,461999,未分類其他建材批發,434015,室內裝修工程,434011,室內裝潢工程,,
"新北市新莊區中隆里中原路１９９－２號２樓",30287585,,"莎品工作室",60000,0980814,獨資,N,487113,經營網路購物,,,,,,
"新北市新莊區中隆里中原路１９９－２號８樓",83991576,,"永鎮實業社",200000,0880125,獨資,Y,455111,絲織、麻織、棉織、毛織品批發,,,,,,
"新北市新莊區中隆里中原路２０１號",70817815,22555003,"統一超商股份有限公司台北縣第一五五分公司",0,0900913,本國公司設立之分公司,Y,471112,直營連鎖式便利商店,,,,,,
"新北市新莊區中隆里中原路８６號",87538979,,"金順遠企業社中原路分處",100000,1091125,獨資,N,932414,夾娃娃機店,,,,,,
"新北市新莊區中隆里中央路２９５號",34767988,,"上兆當舖",1500000,0990723,獨資,N,649611,典當服務,,,,,,
"新北市新莊區中隆里中央路２９５號１６樓",16342192,,"樺峰投資有限公司",20000000,0861231,有限公司,N,649911,投資有價證券,,,,,,
"新北市新莊區中隆里中央路２９５號２樓",16316363,,"騰岳國際股份有限公司",28000000,0870401,股份有限公司,Y,631299,其他資料處理、主機及網站代管服務,483111,電腦及電腦週邊設備零售,484111,全新汽車零售,,
"新北市新莊區中隆里中央路２９５號２樓",24955835,,"芊益實業股份有限公司",13000000,1040416,股份有限公司,Y,151299,其他紙張製造,483111,電腦及電腦週邊設備零售,,,,
"新北市新莊區中隆里中央路２９７號１７樓",90460742,,"寅寶有限公司",2000000,1100917,有限公司,N,454611,國產菸酒批發,454999,未分類其他食品批發,,,,
"新北市新莊區中隆里中央路２９７號２樓",27585553,,"正益實業股份有限公司",50459240,0940126,股份有限公司,Y,670012,不動產投資開發,465315,汽車輪胎批發,681111,不動產買賣,681112,不動產租賃
"新北市新莊區中隆里中央路２９７號８樓",16553941,,"邰旺國際貿易有限公司",5000000,0870729,有限公司,Y,740912,商業設計,903017,服裝指導、表演造型設計,457299,其他化粧品批發,475299,其他化粧品零售
"新北市新莊區中隆里中央路２９９號１８樓",78062902,69797158,"青鋼應用材料股份有限公司台北營業所",0,0831111,其他,Y,461512,金屬結構及建築組件批發,,,,,,
"新北市新莊區中隆里中央路２９９號３樓",50993721,,"樂萌有限公司",5000000,1080318,有限公司,Y,487113,經營網路購物,,,,,,
"新北市新莊區中隆里中央路２９９號８樓",66800756,,"一諾加達貿易有限公司",1000000,1060809,有限公司,Y,464211,電子器材、電子設備批發,,,,,,
"新北市新莊區中隆里中央路２９９號８樓",83616869,,"晨境室內設計有限公司",1000000,1090430,有限公司,Y,433212,管道工程,340015,電力機械器材及設備維修及安裝,434011,室內裝潢工程,,
"新北市新莊區中隆里中央路３０１號",90691808,,"春夏秋冬食品股份有限公司",5000000,1100406,股份有限公司,Y,454112,水果批發,454399,其他水產品批發,,,,
"新北市新莊區中隆里中央路３０１號１６樓",24573674,,"得禾投資股份有限公司",28880000,1030804,股份有限公司,N,670012,不動產投資開發,,,,,,
"新北市新莊區中隆里中央路３０１號１６樓",27279816,,"雅客貿易有限公司",5000000,0930519,有限公司,Y,454999,未分類其他食品批發,,,,,,
"新北市新莊區中隆里中央路３０１號１６樓",80323951,,"海太國際貿易有限公司",5000000,0920506,有限公司,Y,454999,未分類其他食品批發,,,,,,
"新北市新莊區中隆里中央路３０３號１９樓",91204236,,"冠奇美食商行",88800,1100720,獨資,N,487113,經營網路購物,,,,,,
"新北市新莊區中隆里中央路３０３號８樓",12989780,,"六禾鋁業有限公司",1000000,0901227,有限公司,Y,252299,其他金屬建築組件製造,,,,,,
"新北市新莊區中隆里中央路３０５號１８樓",91194125,,"原滿企業社",188000,1100608,獨資,Y,731099,其他廣告服務,,,,,,
"新北市新莊區中隆里中央路３０５號２樓",90877109,,"龍濬投資股份有限公司",1000000,1100429,股份有限公司,N,649911,投資有價證券,,,,,,
"新北市新莊區中隆里中央路３０５號２樓",90877425,,"龍運投資股份有限公司",1000000,1100429,股份有限公司,N,649911,投資有價證券,,,,,,
"新北市新莊區中隆里中央路３０７號１２樓",09914879,,"威婕企業社",1000000,0950901,獨資,Y,457113,醫療耗材批發,961011,洗衣服務,760999,其他未分類專業、科學及技術服務,820211,會議籌辦
"新北市新莊區中隆里中央路３１３號５樓",28927889,,"優嘉力有限公司",500000,0970214,有限公司,Y,461513,貨櫃屋批發,434011,室內裝潢工程,434012,油漆粉刷、壁飾（紙）黏貼工程,,
"新北市新莊區中隆里中央路３１３號５樓",54031254,,"嘉瑞得有限公司",500000,1020103,有限公司,Y,461999,未分類其他建材批發,461515,建材五金（螺絲、螺帽、鉚釘等金屬製品）批發,,,,
"新北市新莊區中隆里中德路１０號三樓",82851008,,"貓咪堡寵物精品有限公司",100000,1080418,有限公司,Y,469922,寵物用品批發,456799,其他清潔用品批發,485222,寵物飼品零售,485221,寵物用品零售
"新北市新莊區中隆里中德路１０號１２樓",07637553,,"憶成文具有限公司",2000000,0680501,有限公司,Y,458111,文具批發,476111,文具零售,,,,
"新北市新莊區中隆里中德路１０號２樓",83169313,,"東孟資訊有限公司",5000000,1091019,有限公司,Y,681112,不動產租賃,681211,不動產仲介,,,,
"新北市新莊區中隆里中德路１６號八樓",82850731,,"品春室內設計有限公司",1000000,1080417,有限公司,Y,434011,室內裝潢工程,,,,,,
"新北市新莊區中隆里中德路１６號１２樓",91209555,,"御林餐飲",200000,1100805,獨資,N,487113,經營網路購物,,,,,,
"新北市新莊區中隆里中德路１８號１４樓",25056368,,"天酷新媒體有限公司",1000000,0981023,有限公司,Y,631299,其他資料處理、主機及網站代管服務,639099,未分類其他資訊服務,592014,廣播節目製作及發行,,
"新北市新莊區中隆里中德路１８號１４樓",69279562,,"駿博租賃有限公司",29000000,1070130,有限公司,Y,772100,汽車租賃,524100,停車場管理,,,,
"新北市新莊區中隆里中德路１８號１４樓",83195305,,"埼鑫科技有限公司",3300000,1090825,有限公司,Y,464111,電腦及電腦週邊設備批發,483111,電腦及電腦週邊設備零售,639099,未分類其他資訊服務,,
"新北市新莊區中隆里中德路１８號１４樓",83288009,,"樂翼新媒體有限公司",1000000,1091130,有限公司,Y,581311,實體書籍出版,581900,其他出版,591113,電視節目製作,592014,廣播節目製作及發行
"新北市新莊區中隆里中德路１８號１５樓",87308049,,"若覺企業社",50000,1090521,獨資,Y,472914,飲料零售,454999,未分類其他食品批發,,,,
"新北市新莊區中隆里中德路２號",87299436,,"椛塢工作室",100000,1090828,獨資,N,485113,花卉材料、園藝器具零售,740913,包裝設計,485111,切花、盆栽零售,,
"新北市新莊區中隆里中德路２０號十二樓",52206968,,"鴻洋廣告設計有限公司",1600000,1050822,有限公司,Y,160100,印刷,160212,印刷品裝訂及加工,455999,未分類其他服飾品批發,,
"新北市新莊區中隆里中德路２６號１４樓",28142888,,"太乙消防實業有限公司",10000000,0950418,有限公司,Y,464913,消防設備批發,,,,,,
"新北市新莊區中隆里中德路２６號１４樓",50983250,,"購幸福行銷有限公司",140000,1080116,有限公司,Y,454999,未分類其他食品批發,,,,,,
"新北市新莊區中隆里中德路２６號１４樓",50995571,,"物吉幣返實業有限公司",3000000,1080325,有限公司,Y,731099,其他廣告服務,434011,室內裝潢工程,474511,金（銀）飾零售,669199,其他投資顧問
"新北市新莊區中隆里中港路３９０號（１樓）",23470762,22555003,"統一超商股份有限公司新北市第五十七分公司",0,0780927,本國公司設立之分公司,Y,472923,罐頭食品零售,,,,,,
"新北市新莊區中隆里中港路３９２號",42252463,,"茂豐通訊行",200000,1050603,獨資,Y,483212,手機及手機週邊零配件零售,,,,,,
"新北市新莊區中隆里中港路３９４之１號",91225788,,"宣宏機車行",45000,1100927,獨資,N,959100,機車維修,,,,,,
"新北市新莊區中隆里中港路４０６巷１弄１５號４樓",83743268,,"甄一室內設計有限公司",200000,1090603,有限公司,Y,740100,室內設計,,,,,,
"新北市新莊區中隆里中港路４０６巷１弄８號３樓",26741795,,"弘佑起重工程行",200000,1001021,獨資,Y,456199,其他家用電器批發,434013,房屋設備安裝工程,439014,起重工程,,
"新北市新莊區中隆里中港路４１２號",78208673,,"金恆豐金銀珠寶店",500000,0811222,獨資,Y,474511,金（銀）飾零售,,,,,,
"新北市新莊區中隆里中港路４１２號４樓",82149780,,"鉅鑫工程行",200000,1071211,獨資,Y,410099,其他建築工程,,,,,,
"新北市新莊區中隆里中港路４１４號",41402921,,"丞品精緻餐飲坊",100000,1040925,獨資,N,561111,早餐店,,,,,,
"新北市新莊區中隆里中港路４２０號１樓",30304521,,"祐福小吃店",200000,0981118,獨資,N,561113,麵店、小吃店,,,,,,
"新北市新莊區中隆里中港路４３０號（１樓）",91206255,,"誼珈寵物生活館",240000,1100727,獨資,N,469922,寵物用品批發,485221,寵物用品零售,485222,寵物飼品零售,,
"新北市新莊區中隆里中港路４３２巷１１號",10560950,,"宇舜企業社",200000,0970304,獨資,Y,464211,電子器材、電子設備批發,,,,,,
"新北市新莊區中隆里中港路４３２巷１１號１３樓",84843027,,"鋒庭企業有限公司",15000000,0870724,有限公司,Y,464211,電子器材、電子設備批發,,,,,,
"新北市新莊區中隆里中港路４３２巷１３號８樓",12820453,,"登新企業有限公司",1000000,0900628,有限公司,Y,259999,其他未分類金屬製品製造,,,,,,
"新北市新莊區中隆里中港路４３２巷１５號１樓",09716131,,"勝鋒機車行",100000,0950619,獨資,N,959100,機車維修,,,,,,
"新北市新莊區中隆里中港路４３２巷３號３樓",83713124,,"旭庭資訊有限公司",500000,1090415,有限公司,Y,464999,未分類其他機械器具批發,464111,電腦及電腦週邊設備批發,464211,電子器材、電子設備批發,464112,電腦套裝軟體批發
"新北市新莊區中隆里中港路４３２巷７號",42235839,,"中信育樂屋",200000,1050316,獨資,N,932414,夾娃娃機店,,,,,,
"新北市新莊區中隆里中港路４３６號４樓",83070451,,"詠富實業有限公司",250000,1090814,有限公司,Y,433900,其他建築設備安裝,,,,,,
"新北市新莊區中隆里中港路４３６號４樓",83144926,,"國瑩室內裝修設計有限公司",50000,1090825,有限公司,Y,434015,室內裝修工程,434011,室內裝潢工程,434013,房屋設備安裝工程,,
"新北市新莊區中隆里中港路４３６號５樓",85183108,,"宋玉婷",10000,1080409,獨資,N,487113,經營網路購物,,,,,,
"新北市新莊區中隆里中港路４３８號１樓",99469499,,"奕智資訊社",200000,0930409,獨資,N,932915,上網專門店,,,,,,
"新北市新莊區中隆里中港路４３８號２樓",09623226,,"詩芙美容坊",200000,0950317,獨資,Y,962299,其他美容美體服務,475299,其他化粧品零售,,,,
"新北市新莊區中隆里中港路４４０號２樓",31699059,,"上城汽車商行",200000,1010822,獨資,Y,484112,中古汽車零售,485399,其他中古商品（汽機車及其零配件除外）零售,,,,
"新北市新莊區中隆里中港路４４２號",42186680,,"豪棒棒茶飲店",100000,1041001,獨資,N,472914,飲料零售,,,,,,
"新北市新莊區中隆里中港路４５４號４樓",50851906,,"樺億裝潢有限公司",200000,1070920,有限公司,Y,434011,室內裝潢工程,,,,,,
"新北市新莊區中隆里中港路４６０號",66433817,,"豪野關育樂事業有限公司",1000000,1060113,有限公司,N,931299,其他運動場館,458299,其他運動用品及器材批發,,,,
"新北市新莊區中隆里中港路４６２號７樓",87310777,,"家茵企業社",240000,1090331,獨資,Y,457299,其他化粧品批發,454999,未分類其他食品批發,455999,未分類其他服飾品批發,,
"新北市新莊區中隆里中港路４６８號１０樓",12983370,,"興仲聯實業有限公司",1000000,0901205,有限公司,Y,464999,未分類其他機械器具批發,,,,,,
"新北市新莊區中隆里中港路４８４號１２樓",29151478,,"朋享有限公司",300000,0990423,有限公司,Y,455999,未分類其他服飾品批發,,,,,,
"新北市新莊區中隆里中港路４８６號",82225457,52782461,"翰群餐飲有限公司滾吧新莊中港分店",0,1070921,其他,Y,561115,餐館、餐廳,,,,,,
"新北市新莊區中隆里中港路４８６號１０樓",92893415,,"上展汽車商行",50000,0840320,獨資,N,484111,全新汽車零售,,,,,,
"新北市新莊區中隆里中港路４８８號",41395007,,"協鑫科技企業社",200000,1040817,獨資,Y,483111,電腦及電腦週邊設備零售,464111,電腦及電腦週邊設備批發,,,,
"新北市新莊區中隆里中港路４９６號",26517500,,"三六九電腦液晶企業社",2000000,0991209,獨資,Y,631299,其他資料處理、主機及網站代管服務,483111,電腦及電腦週邊設備零售,474199,其他家用電器零售,,
"新北市新莊區中隆里中港路４９６號",90452433,,"立唯有限公司",1000000,1101007,有限公司,N,433212,管道工程,474199,其他家用電器零售,434011,室內裝潢工程,,
"新北市新莊區中隆里中港路４９８號",01997714,,"阿勇輪胎行",45000,0750401,獨資,Y,465315,汽車輪胎批發,484315,汽車輪胎零售,,,,
"新北市新莊區中隆里中港路５１２號１樓",87525159,,"來福中西健保藥局",10000,1091102,獨資,N,475111,中藥零售,475112,西藥零售,,,,
"新北市新莊區中隆里中港路５１６號",87394749,,"Ｘｏｉ　Ｖｉｅｔ　Ｘｕ　Ｄａｉ甜米糕",50000,1090807,獨資,N,561113,麵店、小吃店,,,,,,
"新北市新莊區中隆里中港路５１８號",34800157,,"沅鴻商號",200000,0990111,獨資,N,959914,自行車修理,474918,牙膏、潔牙粉零售,,,,
"新北市新莊區中隆里中港路５１８號３樓",29166970,,"以鑫實業有限公司",1000000,0990701,有限公司,Y,331299,其他玩具及遊戲機製造,458312,玩具批發,,,,
"新北市新莊區中隆里中港路５２０巷１號７樓",53431252,,"冠鍀環保科技有限公司",5000000,1000819,有限公司,Y,429011,淤泥疏濬工程,,,,,,
"新北市新莊區中隆里中港路５２０巷１號７樓",97394000,,"升野企業有限公司",10000000,0860312,有限公司,Y,429099,未分類其他土木工程,,,,,,
"新北市新莊區中隆里中港路５２０巷１０號１樓",23390178,,"造鴻興業股份有限公司",1000000,0780724,股份有限公司,Y,249999,其他未分類基本金屬製造,,,,,,
"新北市新莊區中隆里中港路５２０巷１２號１樓",31692507,,"勝全消防機電維護工程行",238000,1010717,獨資,Y,485299,未分類其他全新商品零售,474199,其他家用電器零售,370000,廢水及污水處理,433115,消防警報系統裝修工程
"新北市新莊區中隆里中港路５２０巷２弄２號",73794870,,"豪華清潔用品企業社",100000,0870706,獨資,Y,456799,其他清潔用品批發,,,,,,
"新北市新莊區中隆里中港路５２０巷２弄２號４樓",28085296,,"興發事業有限公司",2000000,0950223,有限公司,Y,469112,廢五金批發,,,,,,
"新北市新莊區中隆里中港路５２０巷２弄６號３樓",30286018,,"宏峻企業社",200000,0980805,獨資,Y,269999,其他未分類電子零組件製造,,,,,,
"新北市新莊區中隆里中港路５２０巷３號１１樓",53182009,,"盈冠氣體有限公司",6000000,0990924,有限公司,Y,462099,其他化學原材料及其製品批發,,,,,,
"新北市新莊區中隆里中港路５２０巷６號",26536680,,"育民齒輪廠",200000,1000323,獨資,Y,293411,齒輪製造,293499,其他機械傳動設備製造,464999,未分類其他機械器具批發,461515,建材五金（螺絲、螺帽、鉚釘等金屬製品）批發
"新北市新莊區中隆里中港路５２０巷６號２樓",26748235,,"風格水族工作室",5000,1001129,獨資,N,474919,家用濾水器、淨水器零售,485221,寵物用品零售,487912,非店面零售代理,,
"新北市新莊區中隆里中港路５２０巷６號２樓",83287803,,"鑫祿股份有限公司",60000,1091130,股份有限公司,Y,740100,室內設計,434011,室內裝潢工程,433212,管道工程,461515,建材五金（螺絲、螺帽、鉚釘等金屬製品）批發
"新北市新莊區中隆里中港路５２０巷６號２樓",91226597,,"得利影整合行銷坊",238000,1100929,獨資,N,484311,汽車零件、汽車百貨零售,458211,自行車及自行車零件批發,639099,未分類其他資訊服務,456999,未分類其他家用器具及用品批發
"新北市新莊區中隆里中港路５２２號１４樓",09947724,,"活水企業社",360000,0950927,獨資,Y,471113,加盟連鎖式便利商店,,,,,,
"新北市新莊區中隆里中港路５２６、５２８號",24805371,16740494,"全聯實業股份有限公司新莊中榮分公司",0,1050114,本國公司設立之分公司,Y,471916,超級市場,,,,,,
"新北市新莊區中隆里中港路５２８號２樓",36031528,,"銘東工業股份有限公司",250000,0691124,股份有限公司,Y,249999,其他未分類基本金屬製造,,,,,,
"新北市新莊區中隆里中港路５４８巷８號５樓",02079798,,"騰煌實業社",45000,0740923,獨資,Y,259999,其他未分類金屬製品製造,,,,,,
"新北市新莊區中隆里中港路５５６號",29171690,,"麗福廚具有限公司",500000,0990723,有限公司,Y,456213,廚櫃批發,,,,,,
"新北市新莊區中隆里中港路５５６號２樓",24261172,,"凱威紙業有限公司",37000000,0971117,有限公司,Y,469914,紙盒、紙袋批發,152099,其他紙容器製造,,,,
"新北市新莊區中隆里中港路５５６號７樓",22297202,,"凱全紙業有限公司",25000000,0751117,有限公司,Y,152099,其他紙容器製造,152011,瓦楞紙板（箱）製造,,,,
"新北市新莊區中隆里中港路５５８號２樓",50848656,,"威勝紙業有限公司",1000000,1070904,有限公司,Y,152099,其他紙容器製造,,,,,,
"新北市新莊區中隆里中港路５６０號１１樓",83098465,,"敬碩投資股份有限公司",28000000,1091104,股份有限公司,N,670012,不動產投資開發,681111,不動產買賣,681112,不動產租賃,,
"新北市新莊區中隆里中港路５７０號",87317069,,"伍柒零食堂",100000,1090430,獨資,N,561113,麵店、小吃店,,,,,,
"新北市新莊區中隆里中港路５７２號１樓",27385703,,"真的好海鮮有限公司",1000000,0930628,有限公司,Y,561115,餐館、餐廳,,,,,,
"新北市新莊區中隆里中港路５７２號１樓",28090609,,"沐足養生館有限公司",1000000,0950224,有限公司,Y,472999,未分類其他食品、飲料及菸草製品零售,475299,其他化粧品零售,563111,冰果店、冷（熱）飲店,969099,未分類其他個人服務
"新北市新莊區中隆里中港路５７６號",24293934,,"濬詠國際有限公司",1200000,0980202,有限公司,Y,464211,電子器材、電子設備批發,,,,,,
"新北市新莊區中隆里中港路５８４號",26730798,,"祥旺商行",100000,1000825,獨資,N,471999,未分類其他綜合商品零售,,,,,,
"新北市新莊區中隆里中港路５８６號",85309964,,"衣能靜洗衣店",200000,1081024,獨資,N,961011,洗衣服務,,,,,,
"新北市新莊區中隆里中港路５８８號",36195704,,"驊昇工程有限公司",3000000,0720920,有限公司,Y,731011,廣告代理商,439099,未分類其他專門營造,,,,
"新北市新莊區中隆里中港路６１８之２號",53435546,12997487,"家家買生活百貨有限公司新莊分公司",0,1000907,本國公司設立之分公司,Y,471999,未分類其他綜合商品零售,,,,,,
"新北市新莊區中隆里中港路６１８之２號",85043395,,"葒典股份有限公司",2500000,1081125,股份有限公司,Y,561115,餐館、餐廳,,,,,,
"新北市新莊區中隆里中港路６１８之２號",87486178,,"金順遠企業社",100000,1091231,獨資,N,932414,夾娃娃機店,,,,,,
"新北市新莊區中隆里中港路６１８－２號",82950149,,"客淶國際有限公司",500000,1080712,有限公司,Y,454211,畜肉批發,454212,禽肉批發,454399,其他水產品批發,454114,脫水蔬果批發
"新北市新莊區中隆里中港路６２０巷３號５樓",28143253,,"鈺策創意有限公司",1000000,0950414,有限公司,Y,452000,綜合商品批發,,,,,,
"新北市新莊區中隆里中港路６２０巷５號（１樓）",25127883,,"晶鈦節能照明有限公司",3000000,0990511,有限公司,Y,456999,未分類其他家用器具及用品批發,474213,廚櫃零售,461515,建材五金（螺絲、螺帽、鉚釘等金屬製品）批發,456199,其他家用電器批發
"新北市新莊區中隆里中港路６２０巷５號（１樓）",53322206,,"濬泰工程有限公司",500000,1000323,有限公司,Y,433212,管道工程,433112,電路工程,433115,消防警報系統裝修工程,434011,室內裝潢工程
"新北市新莊區中隆里中港路６２０巷５號（１樓）",53460170,,"緹銘企業有限公司",1000000,1001122,有限公司,Y,464111,電腦及電腦週邊設備批發,483111,電腦及電腦週邊設備零售,620900,其他電腦相關服務,631299,其他資料處理、主機及網站代管服務
"新北市新莊區中隆里中港路６２２號１樓",24284175,,"日益豐企業股份有限公司",5600000,0971017,股份有限公司,Y,681112,不動產租賃,,,,,,
"新北市新莊區中隆里中港路６２２號１樓",83998711,,"一二八檳榔攤",20000,0871230,獨資,N,472999,未分類其他食品、飲料及菸草製品零售,,,,,,
"新北市新莊區中隆里中港路６２２號２樓",48901090,,"美鑫實業社",200000,0960621,獨資,Y,464499,其他辦公用機械器具批發,457299,其他化粧品批發,,,,
"新北市新莊區中隆里中港路６２８號",09806739,,"佳懋汽車材料行",60000,0960417,獨資,Y,484311,汽車零件、汽車百貨零售,,,,,,
"新北市新莊區中隆里中港路６４２號１樓",09651496,,"峰狗小莫寵物店",200000,0950418,獨資,N,485221,寵物用品零售,969021,寵物照顧及訓練,,,,
"新北市新莊區中隆里中港路６４２號４樓",41097366,,"育立企業社",200000,1040116,獨資,N,457299,其他化粧品批發,475299,其他化粧品零售,,,,
"新北市新莊區中隆里中港路６４４號",12924020,,"得富汽車企業有限公司",1000000,0901107,有限公司,Y,951199,其他汽車維修,,,,,,
"新北市新莊區中隆里中港路６４８巷１３號４樓",41386350,,"盈家工程行",100000,1040701,獨資,Y,433900,其他建築設備安裝,,,,,,
"新北市新莊區中隆里中港路６４８巷２０號",41072908,,"嘉丰咖啡飲料室",200000,1030902,獨資,N,563111,冰果店、冷（熱）飲店,,,,,,
"新北市新莊區中隆里中港路６４８巷２４號２樓",85332374,,"仟晟實業社",220000,1081226,獨資,Y,461515,建材五金（螺絲、螺帽、鉚釘等金屬製品）批發,,,,,,
"新北市新莊區中隆里中港路６４８巷２４號２樓",85346665,,"仟晟運輸企業",3200000,1090309,獨資,Y,524900,其他陸上運輸輔助,461515,建材五金（螺絲、螺帽、鉚釘等金屬製品）批發,454999,未分類其他食品批發,469923,紙張（板）批發
"新北市新莊區中隆里中港路６４８巷３號２樓",54695409,,"星威實業有限公司",300000,1030127,有限公司,Y,220300,塑膠外殼及配件製造,,,,,,
"新北市新莊區中隆里中港路６４８巷３０號",54049803,,"裕誠科技工程有限公司",1000000,1020401,有限公司,Y,433212,管道工程,433115,消防警報系統裝修工程,,,,
"新北市新莊區中隆里中港路６４８巷３０號（１樓）",54833368,,"一謙創意事業有限公司",1000000,1040416,有限公司,Y,458111,文具批發,458399,其他玩具及娛樂用品批發,,,,
"新北市新莊區中隆里中港路６４８巷３０號（１樓）",54879526,,"美美加創意生活有限公司",3000000,1041030,有限公司,Y,455999,未分類其他服飾品批發,456999,未分類其他家用器具及用品批發,,,,
"新北市新莊區中隆里中港路６４８巷５號２樓",80569053,,"巧鈺藝品有限公司",1000000,0921029,有限公司,Y,321999,未分類其他非金屬家具製造,,,,,,
"新北市新莊區中隆里中港路６４８巷５號３樓",80415678,,"國銘科技股份有限公司",10000000,0920618,股份有限公司,Y,433112,電路工程,,,,,,
"新北市新莊區中隆里中港路６４８巷６號４樓",10588752,,"盛安禮儀鮮花店",100000,0970410,獨資,N,963015,殯葬禮儀服務,,,,,,
"新北市新莊區中隆里中港路６４８巷８弄１號３樓",30156726,,"曜麟電機工程行",150000,0971128,合夥,Y,433900,其他建築設備安裝,433112,電路工程,,,,
"新北市新莊區中隆里中港路６４８巷８弄１１號３樓",54871405,,"三閤開發有限公司",2000000,1040923,有限公司,Y,670012,不動產投資開發,681111,不動產買賣,681112,不動產租賃,,
"新北市新莊區中隆里中港路６４８巷８弄７號５樓",82134702,,"益川企業社",200000,1070921,獨資,Y,471113,加盟連鎖式便利商店,,,,,,
"新北市新莊區中隆里中港路６４８巷８弄９號５樓",26768077,,"創駿企業社",200000,1010402,獨資,Y,461515,建材五金（螺絲、螺帽、鉚釘等金屬製品）批發,,,,,,
"新北市新莊區中隆里中港路６５２號（１樓）",42251963,,"威克斯專業汽車美容",200000,1050601,獨資,N,951200,汽車美容,,,,,,
"新北市新莊區中隆里中港路６５４號",78207436,,"進利汽車電機",49000,0811216,獨資,N,484311,汽車零件、汽車百貨零售,,,,,,
"新北市新莊區中隆里中港路６６２巷１號",41075530,,"鑫城企業社",240000,1030917,獨資,Y,464920,電力設備器材批發,,,,,,
"新北市新莊區中隆里中港路７４２號",83160755,,"正心房屋仲介有限公司",800000,1091005,有限公司,Y,681211,不動產仲介,,,,,,
"新北市新莊區中隆里中港路７４８號",31709205,,"名迪企業社",100000,1011017,獨資,N,484311,汽車零件、汽車百貨零售,487912,非店面零售代理,,,,
"新北市新莊區中隆里中港路７５２號",24388214,,"常水整合有限公司",1000000,0980417,有限公司,Y,771913,舞台燈光、音響設備出租,,,,,,
"新北市新莊區中隆里中港路７５２號",49960552,,"常水企業社",100000,0941107,獨資,N,433112,電路工程,771913,舞台燈光、音響設備出租,,,,
"新北市新莊區中隆里中港路７５２號",50659866,,"常允企業社",200000,1060118,獨資,Y,969099,未分類其他個人服務,,,,,,
"新北市新莊區中隆里中港路７５２號",82092766,,"常揚科技企業社",200000,1070518,獨資,Y,433112,電路工程,,,,,,
"新北市新莊區中隆里中華路二段１１７號",41074363,,"鼎新車業行",249999,1030911,獨資,Y,959100,機車維修,,,,,,
"新北市新莊區中隆里中華路二段１６３號",41101185,,"茶山村茶行",200000,1040205,獨資,N,472999,未分類其他食品、飲料及菸草製品零售,,,,,,
"新北市新莊區中隆里中華路二段２０５巷５號",16705073,,"祥鑫汽車材料有限公司",1000000,0871215,有限公司,Y,484311,汽車零件、汽車百貨零售,,,,,,
"新北市新莊區中隆里中華路二段２３９號",35983415,,"立昇當舖",1500000,0681127,獨資,N,649611,典當服務,,,,,,
"新北市新莊區中隆里中華路２段１０９號１樓",99496904,,"惠成水族設計館",200000,0930518,獨資,N,485222,寵物飼品零售,200212,動物用西藥製造,472311,水產品零售,485220,寵物零售
"新北市新莊區中隆里中華路２段１１５號",10526406,,"長明汽車材料行",200000,0970104,獨資,Y,951199,其他汽車維修,,,,,,
"新北市新莊區中隆里中華路２段１２１號",37893024,,"星榮車業行",200000,1020619,獨資,N,959100,機車維修,484314,機車零件、機車百貨零售,,,,
"新北市新莊區中隆里中華路２段１２５號（１樓）",72684740,,"小幸運夾寶店",200000,1061113,獨資,N,932414,夾娃娃機店,,,,,,
"新北市新莊區中隆里中華路２段１２７號",26509620,,"兆陽通訊行",1000000,0991026,獨資,Y,610112,有線通信服務,483299,其他通訊設備零售,,,,
"新北市新莊區中隆里中華路２段１２７號４樓",01976268,,"銘賢五金工程有限公司",6000000,0740904,有限公司,Y,293917,抽通風機製造,,,,,,
"新北市新莊區中隆里中華路２段１２７號４樓",24362663,,"茂頌機械工程有限公司",5000000,0980306,有限公司,Y,340099,其他產業用機械設備維修及安裝,,,,,,
"新北市新莊區中隆里中華路２段１４１號８樓",02087100,,"弘淶實業社",45000,0750106,獨資,Y,259999,其他未分類金屬製品製造,,,,,,
"新北市新莊區中隆里中華路２段１４３號",02416145,,"黛安娜美麗沙龍",200000,1021112,獨資,N,962111,美髮院及髮廊,,,,,,
"新北市新莊區中隆里中華路２段１４５號",08719574,,"瑞展洗衣店",5000,0940729,獨資,N,961011,洗衣服務,,,,,,
"新北市新莊區中隆里中華路２段１４７號（１樓）",82143907,,"呷上飽鮮味熱炒",150000,1071112,合夥,N,561115,餐館、餐廳,,,,,,
"新北市新莊區中隆里中華路２段１５５號５樓",72859831,,"全一商行",100000,1070205,合夥,Y,456999,未分類其他家用器具及用品批發,456799,其他清潔用品批發,474999,未分類其他家用器具及用品零售,457299,其他化粧品批發
"新北市新莊區中隆里中華路２段１５７號（１樓）",87316322,,"三二三職人早午餐",200000,1090427,獨資,N,561111,早餐店,,,,,,
"新北市新莊區中隆里中華路２段１５７號２樓",84183073,,"昶鋐水電工程有限公司",6000000,0820312,有限公司,Y,433111,水電工程,,,,,,
"新北市新莊區中隆里中華路２段１５７號２樓",84885911,,"昶銓工程有限公司",6000000,0830526,有限公司,Y,433111,水電工程,,,,,,
"新北市新莊區中隆里中華路２段１６５號１１樓",82153524,,"季明辳產行",200000,1080102,獨資,N,454111,蔬菜批發,454112,水果批發,,,,
"新北市新莊區中隆里中華路２段１６９號６樓",66813990,,"源良人力資源有限公司",5000000,1060817,有限公司,Y,781099,其他人力仲介,,,,,,
"新北市新莊區中隆里中華路２段１７１號１０樓",68608904,,"貴族體育有限公司",1000000,1061212,有限公司,N,561115,餐館、餐廳,,,,,,
"新北市新莊區中隆里中華路２段１７５號１樓",41050550,,"缸爐碳烤燒餅豆漿店",150000,1030401,獨資,N,561111,早餐店,,,,,,
"新北市新莊區中隆里中華路２段１７５號１０樓",66657013,,"益禾有限公司",300000,1060731,有限公司,Y,455999,未分類其他服飾品批發,456999,未分類其他家用器具及用品批發,456799,其他清潔用品批發,,
"新北市新莊區中隆里中華路２段１８１號",34764011,,"超越加洲自助洗衣坊",50000,0990702,獨資,N,961011,洗衣服務,,,,,,
"新北市新莊區中隆里中華路２段１８３號",37913437,,"重元冷飲店",180000,1020925,獨資,N,563111,冰果店、冷（熱）飲店,,,,,,
"新北市新莊區中隆里中華路２段１８５號",37894656,,"撰食小吃店",200000,1020626,獨資,N,561115,餐館、餐廳,,,,,,
"新北市新莊區中隆里中華路２段１８７號１樓及中港路５２０巷３號１樓",53658877,03036306,"上海商業儲蓄銀行股份有限公司北新莊分公司",0,1011128,本國公司設立之分公司,N,641211,本國銀行,,,,,,
"新北市新莊區中隆里中華路２段１８９號",41093349,,"大博爾企業社",2480000,1031225,獨資,Y,969021,寵物照顧及訓練,485221,寵物用品零售,485222,寵物飼品零售,,
"新北市新莊區中隆里中華路２段１９１號",41229872,29167106,"特里股份有限公司新莊中華營業所",0,1031128,其他,Y,089111,糕餅麵包製造,454915,西點麵包批發,,,,
"新北市新莊區中隆里中華路２段１９１號",54308287,,"大維有限公司",29000000,1021105,有限公司,Y,812100,建築物一般清潔服務,472999,未分類其他食品、飲料及菸草製品零售,,,,
"新北市新莊區中隆里中華路２段２０１號１樓",87426215,67019886,"魔力電能車業有限公司新莊中華店",0,1090817,其他,Y,959100,機車維修,,,,,,
"新北市新莊區中隆里中華路２段２０７號１樓",31422413,,"卡特汽車美容店",50000,0951220,獨資,N,951200,汽車美容,,,,,,
"新北市新莊區中隆里中華路２段２１１號",89406279,03742301,"華南商業銀行股份有限公司北新莊分公司",0,0850113,本國公司設立之分公司,N,641211,本國銀行,,,,,,
"新北市新莊區中隆里中華路２段２２７號",82163641,,"上鼎快炒店",100000,1070525,合夥,N,561113,麵店、小吃店,,,,,,
"新北市新莊區中隆里中華路２段２２７號７樓",84874610,,"辰鈺實業有限公司",1000000,0830617,有限公司,Y,471113,加盟連鎖式便利商店,,,,,,
"新北市新莊區中隆里中華路２段２３３號９樓",18271638,,"飛飛美髮美容精品店",200000,0890927,獨資,Y,475299,其他化粧品零售,,,,,,
"新北市新莊區中隆里中華路２段２３５號１１樓",49906636,,"董丸企業社",1000000,0940926,獨資,Y,458312,玩具批發,,,,,,
"新北市新莊區中隆里中華路２段２３７號７樓",17281980,,"宏邑企業社",45000,0880803,獨資,Y,771200,農業及其他工業用機械設備租賃,,,,,,
"新北市新莊區中隆里中華路２段２４１號",37783510,,"古早麵鵝肉",50000,1010914,獨資,N,561111,早餐店,,,,,,
"新北市新莊區中隆里中華路２段２４３號",85155763,,"貝娜時尚沙龍",200000,1080729,獨資,N,962111,美髮院及髮廊,475211,洗髮精、潤髮精零售,,,,
"新北市新莊區中隆里中華路２段２４５號９樓",24711753,,"孜信投資有限公司",4000000,1031202,有限公司,N,649911,投資有價證券,,,,,,
"新北市新莊區中隆里新北大道３段１５９號２３樓",83308700,,"麗聚生物科技有限公司",100000,1091216,有限公司,Y,454700,非酒精飲料批發,,,,,,
"新北市新莊區中隆里００４鄰中港路４００號（１樓）",85134347,,"喫茶落腳坊",50000,1080503,獨資,N,472914,飲料零售,,,,,,
"新北市新莊區中隆里００４鄰中港路４０４號２樓",72864026,,"松藝園藝實業社",100000,1070307,獨資,Y,813000,綠化服務,,,,,,
"新北市新莊區中隆里００４鄰中港路４０６巷２號（１樓）",87505549,,"小米毛澡堂",50000,1100324,獨資,N,969021,寵物照顧及訓練,485221,寵物用品零售,485222,寵物飼品零售,,
"新北市新莊區中隆里００４鄰中港路４０６巷６號３樓",42694637,,"齊墩有限公司",100000,1041127,有限公司,Y,456112,家用照明器材批發,,,,,,
"新北市新莊區中隆里００４鄰中華路二段９３號",28011160,97317118,"電橋國際通訊科技有限公司中華分公司",0,0950403,本國公司設立之分公司,Y,483212,手機及手機週邊零配件零售,,,,,,
"新北市新莊區中隆里００４鄰中華路二段９５號",76428932,,"慶豪室內裝修工程行",240000,1090423,獨資,Y,434015,室內裝修工程,,,,,,
"新北市新莊區中隆里００４鄰中華路二段９５號",76442239,,"有庭小吃部",200000,1090527,獨資,N,561113,麵店、小吃店,,,,,,
"新北市新莊區中隆里００４鄰中華路二段９７號",41379581,,"酒棲串燒",240000,1040526,獨資,N,561113,麵店、小吃店,,,,,,
"新北市新莊區中隆里００４鄰中華路２段１０３號",50633542,,"双月火鍋沙茶爐店",20000,1050823,獨資,Y,561115,餐館、餐廳,,,,,,
"新北市新莊區中隆里４鄰中港路４０４號（１樓）",37990742,,"日光藥局",50000,1020521,獨資,N,475112,西藥零售,,,,,,
"新北市新莊區中隆里４鄰中港路４０６巷６號４樓",12734767,,"龍信財務顧問有限公司",5000000,0910506,有限公司,Y,820112,信用調查服務,,,,,,
"新北市新莊區中隆里４鄰中華路２段１０７號１樓",33028325,,"年代當舖",1500000,0840817,獨資,N,649611,典當服務,,,,,,
"新北市新莊區中隆里４鄰中華路２段１１１號",17616260,,"忠華車業行",100000,0890105,獨資,N,484314,機車零件、機車百貨零售,,,,,,
"新北市新莊區中隆里４鄰中華路２段９９號（１樓）",53409316,,"詠帥有限公司",2500000,1000516,有限公司,Y,561114,連鎖速食店,,,,,,
"新北市新莊區丹鳳街１２號（１樓）",66628432,,"甲南數位科技有限公司",1200000,1060705,有限公司,Y,461515,建材五金（螺絲、螺帽、鉚釘等金屬製品）批發,,,,,,
"新北市新莊區丹鳳街３８巷１弄６號",12916669,,"宏煦科技工程有限公司",8000000,0901031,有限公司,N,241212,鑄鐵件鑄造,,,,,,
"新北市新莊區丹鳳街６０巷１弄１號１樓",22243207,,"興潤實業有限公司",1000000,0760127,有限公司,Y,259100,螺絲、螺帽及鉚釘製造,303099,其他汽車零件製造,,,,
"新北市新莊區丹鳳街６４號（１樓）",47086555,,"昌北建材有限公司",300000,1050715,有限公司,Y,461999,未分類其他建材批發,,,,,,
"新北市新莊區丹鳳街８號（２樓）",66392837,,"芃柏有限公司",500000,1051220,有限公司,Y,464211,電子器材、電子設備批發,,,,,,
"新北市新莊區丹鳳里中山路３段３６２號７樓",25090372,,"瑩瑞有限公司",50000,0981217,有限公司,Y,433111,水電工程,,,,,,
"新北市新莊區丹鳳里中山路３段４１４號１７樓",26757276,,"匯晟國際貿易行",80000,1010202,獨資,N,487112,經營電視購物、電台購物,,,,,,
"新北市新莊區丹鳳里中山路３段４２８號５樓",80707886,,"飛程科技有限公司",500000,0930426,有限公司,Y,483111,電腦及電腦週邊設備零售,,,,,,
"新北市新莊區丹鳳里中山路３段４７２號９樓",99481254,,"特庸工程行",400000,0930427,獨資,Y,434013,房屋設備安裝工程,,,,,,
"新北市新莊區丹鳳里中山路３段４７４號１１樓",25086742,,"洺紳塑膠有限公司",1000000,0981211,有限公司,Y,220112,塑膠板、管材等製造,,,,,,
"新北市新莊區丹鳳里中正路６２０號",51705522,89390488,"特力屋股份有限公司和樂新莊分公司",0,1070409,本國公司設立之分公司,Y,740100,室內設計,434011,室內裝潢工程,433900,其他建築設備安裝,434012,油漆粉刷、壁飾（紙）黏貼工程
"新北市新莊區丹鳳里中正路６２０號",72644522,97317757,"詮營股份有限公司新北市（五）收費處",0,1060417,其他,Y,524100,停車場管理,,,,,,
"新北市新莊區丹鳳里中正路６２４之１號地下１樓",41417059,,"瘋殼子企業社丹鳳店",50000,1040203,獨資,N,483299,其他通訊設備零售,,,,,,
"新北市新莊區丹鳳里中正路６２４－１號地下一樓",39956988,84894989,"臺北大眾捷運股份有限公司新莊線丹鳳站",0,1020607,其他,Y,492000,大眾捷運系統運輸,,,,,,
"新北市新莊區丹鳳里中正路６２６號",37905957,,"丞記茶莊",200000,1020827,獨資,N,472915,茶葉零售,,,,,,
"新北市新莊區丹鳳里中正路６２８號",91188192,,"太立旺商行",50000,1100510,合夥,N,472922,西點麵包零售,,,,,,
"新北市新莊區丹鳳里中正路６３０號",96857191,,"麒新廣告企業有限公司",500000,0850122,有限公司,Y,731013,公開展示廣告,,,,,,
"新北市新莊區丹鳳里中正路６３６號",35579800,,"豐發行",4000,0660701,獨資,N,481014,居家修繕用品零售,,,,,,
"新北市新莊區丹鳳里中正路６３８號",47987210,,"窩義下義式廚坊",500000,1051011,獨資,Y,561115,餐館、餐廳,472914,飲料零售,,,,
"新北市新莊區丹鳳里中正路６４６號",46400535,,"築夢家設計有限公司",1000100,1050516,有限公司,Y,456213,廚櫃批發,474999,未分類其他家用器具及用品零售,434011,室內裝潢工程,,
"新北市新莊區丹鳳里中正路６６０號",83979432,,"羽豐室內裝璜工程行",100000,0871207,獨資,Y,434011,室內裝潢工程,,,,,,
"新北市新莊區丹鳳里中正路６６４號",87519425,,"ＣＡＭＥＬＩＡ",20000,1091020,獨資,N,561113,麵店、小吃店,,,,,,
"新北市新莊區丹鳳里中正路６６８號",91279263,,"玖捌養生館",100000,1100720,獨資,N,969015,按摩服務,,,,,,
"新北市新莊區丹鳳里中正路６９２―１號",66509230,,"崴立精密工業股份有限公司",5000000,1060310,股份有限公司,Y,254999,未分類其他金屬加工處理,,,,,,
"新北市新莊區丹鳳里中正路６９２―７號",02423292,,"首發彩券行",100000,1021212,獨資,N,920011,彩券銷售,,,,,,
"新北市新莊區丹鳳里中正路６９２號之４（１樓）",72870131,,"阿德選物販賣屋",200000,1070402,獨資,N,932414,夾娃娃機店,,,,,,
"新北市新莊區丹鳳里中正路６９２－６號",35922826,,"丹鳳汽車交通股份有限公司",10000000,0671101,股份有限公司,Y,494099,其他汽車貨運,,,,,,
"新北市新莊區丹鳳里中正路６９２－６號",89331382,,"祥鳳貨櫃運輸有限公司",30000000,0670816,有限公司,Y,494099,其他汽車貨運,,,,,,
"新北市新莊區丹鳳里中正路６９４巷１弄７號４樓",31694842,,"大通企業社",100000,0890121,獨資,Y,254411,基本金屬表面處理,461516,建材五金（基本金屬）批發,,,,
"新北市新莊區丹鳳里中正路６９４巷１１０號２樓",21778456,,"高泰企業社",200000,0940812,合夥,Y,434012,油漆粉刷、壁飾（紙）黏貼工程,,,,,,
"新北市新莊區丹鳳里中正路６９４巷１１０號２樓",22559922,,"紳旭有限公司",6000000,0760718,有限公司,Y,434012,油漆粉刷、壁飾（紙）黏貼工程,,,,,,
"新北市新莊區丹鳳里中正路６９４巷１２０號４樓",54727438,,"豐丞設計有限公司",400000,1030617,有限公司,Y,461915,塑膠、橡膠建材製品批發,434011,室內裝潢工程,,,,
"新北市新莊區丹鳳里中正路６９４巷１２４號５樓",72864721,,"銘正企業社",200000,1070312,獨資,N,951199,其他汽車維修,,,,,,
"新北市新莊區丹鳳里中正路６９４巷３弄１１號",26507600,,"建勁工程行",100000,0991014,獨資,N,433111,水電工程,,,,,,
"新北市新莊區丹鳳里中正路６９４巷３弄２０號",91185792,,"集旺企業社",100000,1100504,獨資,N,529099,未分類其他運輸輔助,,,,,,
"新北市新莊區丹鳳里中正路６９４巷３弄３號３樓",54708523,,"永達鋼鋁有限公司",1000000,1030328,有限公司,Y,252211,金屬門窗（框）製造,,,,,,
"新北市新莊區丹鳳里中正路６９４巷３弄３號３樓",90483317,,"建昇工程有限公司",250000,1100901,有限公司,N,434012,油漆粉刷、壁飾（紙）黏貼工程,434014,防水工程,,,,
"新北市新莊區丹鳳里中正路６９４巷３弄９號４樓",41402788,,"合運汽車材料行",240000,1040925,獨資,Y,461400,漆料及塗料批發,465311,汽車零件、汽車百貨批發,,,,
"新北市新莊區丹鳳里中正路６９４巷３弄９號４樓",82850872,,"名陞包裝有限公司",1000000,1080417,有限公司,Y,456999,未分類其他家用器具及用品批發,,,,,,
"新北市新莊區丹鳳里中正路６９４巷３５號８樓",54737359,,"永業能源有限公司",5100000,1030731,有限公司,Y,433212,管道工程,,,,,,
"新北市新莊區丹鳳里中正路６９４巷５０號３樓",87481906,,"侑太盛商行",200000,1091215,獨資,Y,471114,加盟連鎖式便利商店（無商品進、銷貨行為）,471999,未分類其他綜合商品零售,820914,包裝承攬服務,782000,人力供應
"新北市新莊區丹鳳里中正路６９４巷５２號",80626982,,"欣興裝潢有限公司",2000000,0930112,有限公司,Y,434011,室內裝潢工程,,,,,,
"新北市新莊區丹鳳里中正路６９４巷６２號４樓",53416180,,"舍漾室內裝修有限公司",300000,1000616,有限公司,Y,434011,室內裝潢工程,731099,其他廣告服務,740200,工業設計,434013,房屋設備安裝工程
"新北市新莊區丹鳳里中正路６９４巷７７號２樓",53430423,,"芮漢室內設計有限公司",500000,1000817,有限公司,Y,740100,室內設計,433112,電路工程,,,,
"新北市新莊區丹鳳里中正路６９４巷８４號４樓",66255545,,"菲比鱘常生技有限公司",1000000,1051020,有限公司,Y,452000,綜合商品批發,,,,,,
"新北市新莊區丹鳳里中正路６９４巷８４號４樓",80598260,,"長葒興業有限公司",6558000,0930102,有限公司,Y,454311,魚類批發,472914,飲料零售,451099,其他商品批發經紀,454399,其他水產品批發
"新北市新莊區丹鳳里中正路６９４巷８４號４樓",91186595,,"金豪勇工程行",200000,1100504,合夥,Y,812100,建築物一般清潔服務,,,,,,
"新北市新莊區丹鳳里中正路６９４巷９２號５樓",80404291,,"奕伸實業有限公司",10000000,0920526,有限公司,Y,461515,建材五金（螺絲、螺帽、鉚釘等金屬製品）批發,465311,汽車零件、汽車百貨批發,123099,其他服飾品製造,,
"新北市新莊區丹鳳里中正路６９６號",34125113,,"東信當舖",1500000,0660701,獨資,N,649611,典當服務,,,,,,
"新北市新莊區丹鳳里中正路６９６號４樓",16313632,,"台灣山聲資訊有限公司",10000000,0870320,有限公司,Y,464111,電腦及電腦週邊設備批發,464112,電腦套裝軟體批發,731099,其他廣告服務,,
"新北市新莊區丹鳳里中正路６９６號４樓",24733264,,"亞瑟國際資訊有限公司",2500000,1040319,有限公司,Y,702099,其他管理顧問服務,620212,系統規劃、分析及設計,,,,
"新北市新莊區丹鳳里中正路７００―１２號３樓",10575623,,"虢豐工程行",240000,0970325,獨資,Y,431017,紮鋼筋工程,,,,,,
"新北市新莊區丹鳳里中正路７００―１９號２樓",66486139,,"私人訂制國際小客車租賃有限公司",10000000,1060221,有限公司,Y,772100,汽車租賃,465111,全新汽車批發,,,,
"新北市新莊區丹鳳里中正路７００―６號",37870681,,"鼎軒水電工程行",249000,1020227,獨資,Y,433111,水電工程,432000,庭園景觀工程,,,,
"新北市新莊區丹鳳里中正路７００之１２號４樓",42259727,,"泓興商行",200000,1050714,獨資,Y,471999,未分類其他綜合商品零售,452000,綜合商品批發,,,,
"新北市新莊區丹鳳里中正路７００之１３號（１樓）",83616642,,"娛骨科技股份有限公司",2000000,1090429,股份有限公司,Y,454399,其他水產品批發,,,,,,
"新北市新莊區丹鳳里中正路７００之１６號",54728295,,"優遊小客車租賃有限公司",8000000,1030620,有限公司,Y,772100,汽車租賃,524100,停車場管理,465111,全新汽車批發,465311,汽車零件、汽車百貨批發
"新北市新莊區丹鳳里中正路７００之５號",24724315,,"尚強工程有限公司",1000000,1040130,有限公司,Y,434011,室內裝潢工程,434012,油漆粉刷、壁飾（紙）黏貼工程,434013,房屋設備安裝工程,439014,起重工程
"新北市新莊區丹鳳里中正路７００號之２",42724111,,"智承不動產經紀有限公司",500000,1070518,有限公司,Y,681211,不動產仲介,,,,,,
"新北市新莊區丹鳳里中正路７００號（１樓）",10094998,,"奇宏音響行",200000,0961120,獨資,Y,483300,視聽設備零售,,,,,,
"新北市新莊區丹鳳里中正路７００－１２號２樓",28031047,,"虢囿工程有限公司",1000000,0941121,有限公司,Y,434013,房屋設備安裝工程,,,,,,
"新北市新莊區丹鳳里中正路７００＿３６號９樓",28914272,,"嘉毅產業有限公司",5000000,0970122,有限公司,Y,269999,其他未分類電子零組件製造,,,,,,
"新北市新莊區丹鳳里丹鳳街２８號",86189517,,"宇翔電業有限公司",1000000,0800528,有限公司,Y,283211,配線用開關、電插座製造,,,,,,
"新北市新莊區丹鳳里丹鳳街３０號（１樓）",69258270,,"宇森塑化有限公司",1000000,1070117,有限公司,Y,456999,未分類其他家用器具及用品批發,,,,,,
"新北市新莊區丹鳳里丹鳳街３０號１樓",12845709,,"友盈企業有限公司",5000000,0900809,有限公司,Y,220300,塑膠外殼及配件製造,,,,,,
"新北市新莊區丹鳳里丹鳳街５６號",35931424,,"輝煌企業社",30000,0671101,獨資,Y,259999,其他未分類金屬製品製造,,,,,,
"新北市新莊區丹鳳里壽山路１０５號",31197513,,"元誠捲門有限公司",20500000,0720413,有限公司,Y,252211,金屬門窗（框）製造,252299,其他金屬建築組件製造,,,,
"新北市新莊區丹鳳里壽山路１０７之１號（１樓）",35864570,,"永吉利油桶企業有限公司",1200000,0660801,有限公司,Y,469999,其他未分類專賣批發,,,,,,
"新北市新莊區丹鳳里壽山路１０７號",53215304,,"定騰精密股份有限公司",16000000,1000314,股份有限公司,Y,291900,其他金屬加工用機械設備製造,251299,其他金屬模具製造,,,,
"新北市新莊區丹鳳里壽山路１１號",30317666,,"守財商行",30000,0980227,獨資,N,472913,菸酒零售,471913,雜貨店,,,,
"新北市新莊區丹鳳里壽山路１１號",31705046,,"戊鑫工程行",200000,1010921,獨資,N,434012,油漆粉刷、壁飾（紙）黏貼工程,,,,,,
"新北市新莊區丹鳳里壽山路１６２―１號",87431239,50885758,"和雲行動服務股份有限公司新莊生命紀念館停車場",0,1090831,本國公司設立之分公司,Y,524100,停車場管理,,,,,,
"新北市新莊區丹鳳里壽山路２１號（１樓）",22387533,,"垣林實業有限公司",5000000,0760320,有限公司,Y,115118,背帶製造,,,,,,
"新北市新莊區丹鳳里壽山路２７號（１樓）",02448293,,"大千鷹架號",200000,1030117,獨資,N,711299,其他工程服務及相關技術顧問,,,,,,
"新北市新莊區丹鳳里壽山路３１號",85433289,,"鴻達檳榔店",240000,1090630,獨資,N,472936,檳榔零售,,,,,,
"新北市新莊區丹鳳里壽山路３３―１４號",23478672,,"欽旭有限公司",5000000,0790201,有限公司,Y,283100,電線及電纜製造,,,,,,
"新北市新莊區丹鳳里壽山路３３―１４號",24235858,,"伸洋投資有限公司",250000,0971022,有限公司,N,669199,其他投資顧問,,,,,,
"新北市新莊區丹鳳里壽山路３３―１５號",47082191,,"頂創工業有限公司",1000000,1050711,有限公司,Y,251299,其他金屬模具製造,464916,舞台音響（燈光）設備批發,,,,
"新北市新莊區丹鳳里壽山路３３―１５號",80748401,,"奕立盈工業有限公司",10000000,0930414,有限公司,Y,461516,建材五金（基本金屬）批發,220300,塑膠外殼及配件製造,254199,其他金屬鍛造,,
"新北市新莊區丹鳳里壽山路３３―１９號",27384562,,"承新奈米工程股份有限公司",22000000,0930629,股份有限公司,Y,434011,室內裝潢工程,461515,建材五金（螺絲、螺帽、鉚釘等金屬製品）批發,434013,房屋設備安裝工程,434012,油漆粉刷、壁飾（紙）黏貼工程
"新北市新莊區丹鳳里壽山路３３―１９號６樓",29094076,,"上駒資訊股份有限公司",14700000,0970521,股份有限公司,Y,464211,電子器材、電子設備批發,461515,建材五金（螺絲、螺帽、鉚釘等金屬製品）批發,,,,
"新北市新莊區丹鳳里壽山路３３―２３號",89559817,,"展迪工業有限公司",15000000,0840708,有限公司,Y,251113,鎖具及鑰匙製造,,,,,,
"新北市新莊區丹鳳里壽山路３３―５號",70383607,,"兆能科技事業有限公司",15000000,0881208,有限公司,Y,269999,其他未分類電子零組件製造,,,,,,
"新北市新莊區丹鳳里壽山路３３之１１號",23874271,,"晟越工業股份有限公司",25000000,0791212,股份有限公司,Y,251211,塑膠成型模具製造,,,,,,
"新北市新莊區丹鳳里壽山路３３之１６號",36200994,,"東鈺企業股份有限公司",13100000,0750402,股份有限公司,Y,456111,家電材料批發,283100,電線及電纜製造,,,,
"新北市新莊區丹鳳里壽山路３３之１８號３樓",22710130,,"瞻輝企業有限公司",23700000,0770205,有限公司,Y,210200,工業用橡膠製品製造,,,,,,
"新北市新莊區丹鳳里壽山路３３之１９號２樓",53710888,,"芳綺科技有限公司",10000000,1010614,有限公司,Y,284299,其他照明器具製造,454999,未分類其他食品批發,464915,醫療機械設備批發,472999,未分類其他食品、飲料及菸草製品零售
"新北市新莊區丹鳳里壽山路３３之１９號３樓",80390120,,"精貿企業有限公司",5000000,0920506,有限公司,Y,464211,電子器材、電子設備批發,,,,,,
"新北市新莊區丹鳳里壽山路３３之５號３樓",54837701,,"拓普光科技有限公司",5000000,1040504,有限公司,Y,277911,光學元件製造,,,,,,
"新北市新莊區丹鳳里壽山路３３－２３號２樓",27852262,,"金迪工業有限公司",2000000,0940809,有限公司,Y,251113,鎖具及鑰匙製造,,,,,,
"新北市新莊區丹鳳里壽山路３３－５號３樓",84831845,,"德笠股份有限公司",70000000,0880417,股份有限公司,Y,681112,不動產租賃,,,,,,
"新北市新莊區丹鳳里壽山路３３－５號７樓",35821088,,"三德精密工業股份有限公司",54000000,0650901,股份有限公司,Y,291299,其他金屬切削工具機製造,,,,,,
"新北市新莊區丹鳳里壽山路３３－６號",27636390,,"晨達精密工業股份有限公司",20000000,0940317,股份有限公司,Y,251211,塑膠成型模具製造,220300,塑膠外殼及配件製造,,,,
"新北市新莊區丹鳳里壽山路３９之１號",89672135,,"奎志工業股份有限公司",30000000,0840815,股份有限公司,Y,464111,電腦及電腦週邊設備批發,291211,金屬用車床、銑床、鑽床製造,251211,塑膠成型模具製造,259999,其他未分類金屬製品製造
"新北市新莊區丹鳳里壽山路３９號",90709032,,"為志企業有限公司",500000,1100510,有限公司,Y,464211,電子器材、電子設備批發,461515,建材五金（螺絲、螺帽、鉚釘等金屬製品）批發,461517,金屬手工具批發,249999,其他未分類基本金屬製造
"新北市新莊區丹鳳里壽山路４９－５號",13691180,,"全佳玻璃行",200000,0900612,合夥,Y,465311,汽車零件、汽車百貨批發,,,,,,
"新北市新莊區丹鳳里壽山路５５號",87541171,97312970,"金富康股份有限公司壽山停車場",0,1091207,本國公司設立之分公司,Y,524100,停車場管理,,,,,,
"新北市新莊區丹鳳里壽山路５９號",78573910,,"大利工程行",45000,0810721,獨資,Y,434012,油漆粉刷、壁飾（紙）黏貼工程,,,,,,
"新北市新莊區丹鳳里壽山路６１─３號",37783645,,"昇裕企業社",200000,1010914,獨資,Y,456199,其他家用電器批發,461515,建材五金（螺絲、螺帽、鉚釘等金屬製品）批發,281099,其他發電、輸電及配電機械製造,259999,其他未分類金屬製品製造
"新北市新莊區丹鳳里壽山路６１之１號",82292223,,"張素琴",60000,1071205,獨資,N,932212,視聽中心,561113,麵店、小吃店,,,,
"新北市新莊區丹鳳里壽山路６３－６號",16376235,,"金長田企業有限公司",6000000,0870403,有限公司,Y,464999,未分類其他機械器具批發,,,,,,
"新北市新莊區丹鳳里天祥街１１０號１１樓",90690646,,"穌禾設計有限公司",100000,1100331,有限公司,Y,434011,室內裝潢工程,740100,室內設計,,,,
"新北市新莊區丹鳳里天祥街１１０號１１樓",90795727,,"悠活文化創意有限公司",100000,1100416,有限公司,N,702099,其他管理顧問服務,,,,,,
"新北市新莊區丹鳳里天祥街１１２號６樓",42193887,,"石藝美企業社",200000,1041215,獨資,N,434011,室內裝潢工程,,,,,,
"新北市新莊區丹鳳里天祥街１１４號２樓",82250309,,"金誠工程行",200000,1080116,獨資,Y,254999,未分類其他金屬加工處理,461599,其他金屬建材批發,,,,
"新北市新莊區丹鳳里天祥街１２０巷３弄１４號",50972747,,"金永順國際貿易有限公司",550000,1071120,有限公司,N,455999,未分類其他服飾品批發,,,,,,
"新北市新莊區丹鳳里天祥街１２０巷３弄１６號４樓",21572763,,"六禾鋁材企業社",300000,0940524,獨資,Y,252211,金屬門窗（框）製造,,,,,,
"新北市新莊區丹鳳里天祥街１２４號",27654170,,"元新空調工程有限公司",1000000,0940418,有限公司,Y,433211,冷凍、通風、空調系統裝修工程,,,,,,
"新北市新莊區丹鳳里天祥街１２６號（１樓）",87475123,,"印加小農企業社",168000,1091120,獨資,N,486111,食品零售攤販,,,,,,
"新北市新莊區丹鳳里天祥街１３０號４樓",85138337,,"竹楓堂開發企業社",200000,1080520,獨資,N,455999,未分類其他服飾品批發,434013,房屋設備安裝工程,812100,建築物一般清潔服務,812911,病媒防治服務
"新北市新莊區丹鳳里天祥街１３６號",82135110,,"耿豪車業行",100000,1070926,獨資,N,484314,機車零件、機車百貨零售,959100,機車維修,,,,
"新北市新莊區丹鳳里天祥街１４０號",09990144,,"光巧行",200000,0951122,獨資,N,474199,其他家用電器零售,,,,,,
"新北市新莊區丹鳳里天祥街２６之１號（１樓）",85424985,,"捷群早餐店",180000,1090528,獨資,N,561111,早餐店,,,,,,
"新北市新莊區丹鳳里天祥街２６號",50973078,,"耀昌股份有限公司",6000000,1071120,股份有限公司,Y,524100,停車場管理,472999,未分類其他食品、飲料及菸草製品零售,932100,遊樂園及主題樂園,,
"新北市新莊區丹鳳里天祥街２８號１１樓之１",52627877,,"光岩室內裝修工程有限公司",2450000,1060331,有限公司,Y,434015,室內裝修工程,434011,室內裝潢工程,740100,室內設計,,
"新北市新莊區丹鳳里天祥街２８號４樓之２",83688693,,"極想國際有限公司",300000,1090410,有限公司,Y,458299,其他運動用品及器材批發,456799,其他清潔用品批發,,,,
"新北市新莊區丹鳳里天祥街２８號５樓之５",50958581,,"甲鈞企業有限公司",300000,1080717,有限公司,Y,469999,其他未分類專賣批發,464999,未分類其他機械器具批發,461516,建材五金（基本金屬）批發,,
"新北市新莊區丹鳳里天祥街２８號５樓之５",85051578,,"昊禹企業有限公司",300000,1080911,有限公司,Y,322000,金屬家具製造,321100,木製家具製造,,,,
"新北市新莊區丹鳳里天祥街２８號５樓之５",91084886,,"旺凱企業有限公司",300000,1100727,有限公司,Y,464999,未分類其他機械器具批發,461516,建材五金（基本金屬）批發,,,,
"新北市新莊區丹鳳里天祥街３０號７樓之３",87472266,,"葳霖工程行",200000,1091110,獨資,Y,433900,其他建築設備安裝,740100,室內設計,461999,未分類其他建材批發,381111,一般事業廢棄物清除
"新北市新莊區丹鳳里天祥街３２號１１樓之８",83561941,,"新北繖民有限公司",12300000,1081203,有限公司,Y,451099,其他商品批發經紀,454999,未分類其他食品批發,,,,
"新北市新莊區丹鳳里天祥街３２號１５樓之５",82195117,,"小爸爸客製兒童推車配件專門店",200000,1070712,獨資,Y,487113,經營網路購物,,,,,,
"新北市新莊區丹鳳里天祥街４２號",28422467,23060248,"全家便利商店股份有限公司新莊天美分公司",0,0961108,本國公司設立之分公司,Y,471112,直營連鎖式便利商店,,,,,,
"新北市新莊區丹鳳里天祥街４６號１樓",72763435,,"記安大藥局",300000,1060714,獨資,N,475112,西藥零售,,,,,,
"新北市新莊區丹鳳里天祥街５４巷１弄１３號３樓",82912292,,"冠泰開發工程有限公司",2000000,1080620,有限公司,Y,434011,室內裝潢工程,,,,,,
"新北市新莊區丹鳳里天祥街５４巷１弄２號３樓",66574148,,"強玲工程有限公司",1000000,1060504,有限公司,Y,434011,室內裝潢工程,,,,,,
"新北市新莊區丹鳳里天祥街５４巷２弄２號５樓",30288640,,"艾益興金屬企業社",240000,0980820,獨資,Y,243200,銅鑄造,,,,,,
"新北市新莊區丹鳳里天祥街５４巷２弄３號４樓",10039004,,"浩瀚工程行",1000000,0960921,獨資,Y,433111,水電工程,,,,,,
"新北市新莊區丹鳳里天祥街５４巷２弄６號",23209419,,"聯陽精密工具股份有限公司",9000000,0780321,股份有限公司,Y,291299,其他金屬切削工具機製造,,,,,,
"新北市新莊區丹鳳里天祥街５４巷２弄７號２樓",54870124,,"五福臨門不動產股份有限公司",5000000,1040918,股份有限公司,Y,681211,不動產仲介,,,,,,
"新北市新莊區丹鳳里天祥街５４巷２弄９號４樓",42245294,,"吉緻工程行",200000,1050429,獨資,Y,434011,室內裝潢工程,,,,,,
"新北市新莊區丹鳳里天祥街５４巷２弄９號５樓",54023206,,"佳締國際股份有限公司",5000000,1011121,股份有限公司,Y,464111,電腦及電腦週邊設備批發,,,,,,
"新北市新莊區丹鳳里天祥街５４巷２弄９號５樓",54711772,,"格琳國際股份有限公司",3000000,1030411,股份有限公司,Y,461515,建材五金（螺絲、螺帽、鉚釘等金屬製品）批發,456999,未分類其他家用器具及用品批發,,,,
"新北市新莊區丹鳳里天祥街５４巷３弄１４號（１樓）",91040255,,"恆光有限公司",500000,1100823,有限公司,N,269999,其他未分類電子零組件製造,271999,未分類其他電腦週邊設備製造,464211,電子器材、電子設備批發,,
"新北市新莊區丹鳳里天祥街５４巷３弄２號",24736826,,"王永昌有限公司",500000,1040402,有限公司,Y,454999,未分類其他食品批發,472913,菸酒零售,,,,
"新北市新莊區丹鳳里天祥街５４巷３弄３號５樓",91186764,,"清河工程行",200000,1100505,獨資,Y,434011,室內裝潢工程,434012,油漆粉刷、壁飾（紙）黏貼工程,,,,
"新北市新莊區丹鳳里天祥街５４巷３弄８號３樓",83307478,,"正千開發有限公司",500000,1091211,有限公司,Y,681112,不動產租賃,,,,,,
"新北市新莊區丹鳳里天祥街５４巷６弄１０號５樓",31677421,,"光信企業社",100000,1010427,獨資,Y,251299,其他金屬模具製造,461515,建材五金（螺絲、螺帽、鉚釘等金屬製品）批發,469999,其他未分類專賣批發,485299,未分類其他全新商品零售
"新北市新莊區丹鳳里天祥街５４巷６弄１５號",28042993,,"生源實木有限公司",4000000,0941209,有限公司,Y,140199,其他製材,140200,合板及組合木材製造,140400,木質容器製造,,
"新北市新莊區丹鳳里天祥街５４巷６弄６號２樓",41075187,,"松和水電行",200000,1030916,獨資,Y,434013,房屋設備安裝工程,,,,,,
"新北市新莊區丹鳳里天祥街５４巷６弄７號３樓",91229525,,"雄大水電工程行",200000,1101006,獨資,N,433111,水電工程,433212,管道工程,434011,室內裝潢工程,434013,房屋設備安裝工程
"新北市新莊區丹鳳里天祥街５４巷６弄９號４樓",28108360,,"懋駿環境科技有限公司",5000000,0950313,有限公司,Y,464999,未分類其他機械器具批發,712100,環境檢測服務,462099,其他化學原材料及其製品批發,,
"新北市新莊區丹鳳里天祥街５６號",41364052,,"馬上旺彩券行",50000,1040302,獨資,N,920011,彩券銷售,,,,,,
"新北市新莊區丹鳳里天祥街５８號",31419070,,"酒國商行",100000,0951213,獨資,Y,454612,進口菸酒批發,,,,,,
"新北市新莊區丹鳳里天祥街７０號",31488596,,"曾彥禎",50000,0960323,獨資,N,561113,麵店、小吃店,,,,,,
"新北市新莊區丹鳳里天祥街７２巷１２號２樓",47069275,,"宇泰機電有限公司",300000,1050706,有限公司,Y,464211,電子器材、電子設備批發,,,,,,
"新北市新莊區丹鳳里天祥街７２巷１４號３樓",73795667,,"全盈實業社",120000,0870505,獨資,Y,455111,絲織、麻織、棉織、毛織品批發,,,,,,
"新北市新莊區丹鳳里天祥街７２巷３號２樓",27971598,,"大用科技有限公司",1000000,0941208,有限公司,Y,454920,保健食品批發,464211,電子器材、電子設備批發,,,,
"新北市新莊區丹鳳里天祥街７２巷８號",28361460,,"辰佳機工程有限公司",1000000,0950803,有限公司,Y,252299,其他金屬建築組件製造,,,,,,
"新北市新莊區丹鳳里天祥街７４號",31465783,,"同德商行",480000,0960213,獨資,Y,471114,加盟連鎖式便利商店（無商品進、銷貨行為）,,,,,,
"新北市新莊區丹鳳里天祥街８０號",50653878,,"窩的灶咖麵食館",150000,1051213,獨資,N,561115,餐館、餐廳,,,,,,
"新北市新莊區丹鳳里天祥街８２巷３號２樓",54038876,,"龍禹企業有限公司",1000000,1020206,有限公司,Y,455299,其他服裝及其配件批發,456211,國產家用家具批發,461515,建材五金（螺絲、螺帽、鉚釘等金屬製品）批發,456999,未分類其他家用器具及用品批發
"新北市新莊區丹鳳里天祥街９０號５樓",02104591,,"豐祿商行",200000,1030430,獨資,Y,471113,加盟連鎖式便利商店,,,,,,
"新北市新莊區丹鳳里天祥街９２巷３３號６樓",24731977,,"慷鴻機械有限公司",1000000,1040317,有限公司,Y,340099,其他產業用機械設備維修及安裝,,,,,,
"新北市新莊區丹鳳里天祥街９２巷３５號４樓",09809530,,"呈祥實業社",200000,0960417,獨資,Y,812100,建築物一般清潔服務,,,,,,
"新北市新莊區丹鳳里天祥街９２巷３５號５樓",85334886,,"國企企業社",200000,1090107,獨資,Y,339999,未分類其他工業製品製造,383099,其他資源回收處理,,,,
"新北市新莊區丹鳳里天祥街９２巷４１號",85027281,,"鼎源國際實業有限公司",2000000,1080926,有限公司,Y,465314,機車零件、機車百貨批發,465315,汽車輪胎批發,464922,通用電池批發,,
"新北市新莊區丹鳳里天祥街９２巷８號",90683666,,"業貿興企業有限公司",1000000,1100329,有限公司,Y,433212,管道工程,434011,室內裝潢工程,,,,
"新北市新莊區丹鳳里天祥街９４號",02430884,,"衆良小吃店",200000,1021226,獨資,Y,561115,餐館、餐廳,472914,飲料零售,,,,
"新北市新莊區丹鳳里天祥街９６號",41385492,,"發彩彩劵行",50000,1040625,獨資,N,920011,彩券銷售,,,,,,
"新北市新莊區丹鳳里新北大道7段438號11樓",16342860,,"堉鎧企業有限公司",1000000,0861226,有限公司,Y,481014,居家修繕用品零售,,,,,,
"新北市新莊區丹鳳里新北大道七段１２０號",70599634,,"聯新加油站實業股份有限公司",10000000,0900521,股份有限公司,Y,482111,汽油零售,,,,,,
"新北市新莊區丹鳳里新北大道七段２１９號十一樓之３",42238717,,"照銓企業社",50000,1050330,獨資,Y,461999,未分類其他建材批發,,,,,,
"新北市新莊區丹鳳里新北大道七段４０６號７樓",22398588,,"惇石企業有限公司",2000000,0760317,有限公司,Y,410011,房屋修繕,434011,室內裝潢工程,,,,
"新北市新莊區丹鳳里新北大道七段４９２號１樓",82155620,,"劉敏惠",100000,1070501,獨資,N,561111,早餐店,,,,,,
"新北市新莊區丹鳳里新北大道七段７４６號（１樓）",38402905,,"北大當鋪",1500000,0700701,獨資,N,649611,典當服務,,,,,,
"新北市新莊區丹鳳里新北大道７段２１９號１１樓之３",26531427,,"加利工程行",200000,1000224,獨資,Y,431014,檔土支撐及土方工程,439099,未分類其他專門營造,,,,
"新北市新莊區丹鳳里新北大道７段２１９號１１樓之３",54023521,,"巨萬工程有限公司",1000000,1011122,有限公司,Y,429099,未分類其他土木工程,,,,,,
"新北市新莊區丹鳳里新北大道７段３３２號１６樓",27282093,,"卓祐股份有限公司",5000000,0930511,股份有限公司,Y,461515,建材五金（螺絲、螺帽、鉚釘等金屬製品）批發,,,,,,
"新北市新莊區丹鳳里新北大道７段４６６號１３樓",27820332,,"傑昇機電有限公司",1000000,0940628,有限公司,Y,433113,電梯、電扶梯、升降機裝修工程,,,,,,
"新北市新莊區丹鳳里明志路１５號",36079819,03741302,"中華郵政股份有限公司新莊丹鳳郵局",0,0911218,其他,Y,641500,郵政儲金匯兌,541000,郵政業務服務,,,,
"新北市新莊區丹鳳里明志路１７號１樓",91322894,56801904,"新加坡商蝦皮娛樂電商有限公司台灣分公司新莊明志營業所",0,1100816,其他,Y,639099,未分類其他資訊服務,475113,醫療耗材零售,471112,直營連鎖式便利商店,,
"新北市新莊區丹鳳里明志路１９號",85201577,,"台南便當",100000,1080517,獨資,N,561112,便當、自助餐店,,,,,,
"新北市新莊區丹鳳里０１２鄰中正路６９４巷１２號３樓",87318068,,"比撒列工程行",245000,1090505,獨資,Y,461999,未分類其他建材批發,461400,漆料及塗料批發,434011,室內裝潢工程,433900,其他建築設備安裝
"新北市新莊區丹鳳里０１２鄰中正路６９４巷３８號（１樓）",85428048,,"昆伯企業社",240000,1090608,獨資,N,782000,人力供應,434011,室內裝潢工程,434013,房屋設備安裝工程,434012,油漆粉刷、壁飾（紙）黏貼工程
"新北市新莊區丹鳳里０１２鄰中正路６９４巷３８號（１樓）",85432063,,"聯映工作坊",240000,1090622,獨資,N,962299,其他美容美體服務,475299,其他化粧品零售,,,,
"新北市新莊區丹鳳里０１２鄰中正路６９４巷３８號１樓",85428103,,"彥甫商行",240000,1090608,獨資,N,471113,加盟連鎖式便利商店,681112,不動產租賃,452000,綜合商品批發,471999,未分類其他綜合商品零售
"新北市新莊區丹鳳里０１２鄰中正路６９４巷６號２樓",85346638,,"晉揚企業社",200000,1090309,獨資,Y,820914,包裝承攬服務,220911,塑膠日用品製造,160100,印刷,,
"新北市新莊區丹鳳里０１６鄰新北大道七段２１９號五樓之９",16421098,,"傑森麗陽有限公司",3000000,0870417,有限公司,Y,160100,印刷,,,,,,
"新北市新莊區丹鳳里０１６鄰新北大道七段２１９號十一樓之２",54875079,,"陞燁有限公司",200000,1041013,有限公司,Y,465311,汽車零件、汽車百貨批發,465314,機車零件、機車百貨批發,461515,建材五金（螺絲、螺帽、鉚釘等金屬製品）批發,,
"新北市新莊區丹鳳里０１６鄰新北大道７段２１９號十一樓之２",54708312,,"俊銘電機有限公司",1000000,1030328,有限公司,Y,433212,管道工程,433900,其他建築設備安裝,,,,
"新北市新莊區丹鳳里０１７鄰新北大道七段３３０號五樓",82361353,,"柴樺春滵工作室",200000,1080418,獨資,N,740912,商業設計,,,,,,
"新北市新莊區丹鳳里０１７鄰新北大道七段３４０號１１樓",85178750,,"立揚企業行",2000000,1081118,獨資,Y,433212,管道工程,434013,房屋設備安裝工程,,,,
"新北市新莊區丹鳳里０１７鄰新北大道７段３１８號１５樓",31677273,,"集立拖運行",48000,1010426,獨資,Y,439099,未分類其他專門營造,,,,,,
"新北市新莊區丹鳳里０１７鄰新北大道７段３３０號５樓",85345440,,"風雷戶外休閒用品",200000,1090304,獨資,N,458299,其他運動用品及器材批發,,,,,,
"新北市新莊區丹鳳里０１８鄰新北大道七段３７６號二十四樓",99503068,,"亮儷珠寶店",50000,0930524,獨資,Y,474512,珠寶零售,456612,珠寶批發,,,,
"新北市新莊區丹鳳里０１８鄰新北大道七段３７６號２４樓",50994067,,"馬上創意有限公司",6000000,1080319,有限公司,Y,702099,其他管理顧問服務,,,,,,
"新北市新莊區丹鳳里０１８鄰新北大道七段３８０號四樓",24716602,,"九鼎電業有限公司",2000000,1031224,有限公司,Y,433115,消防警報系統裝修工程,,,,,,
"新北市新莊區丹鳳里０１８鄰新北大道７段３７２號６樓",91203412,,"橙琳優質批發團商行",100000,1100716,獨資,Y,454999,未分類其他食品批發,456999,未分類其他家用器具及用品批發,474999,未分類其他家用器具及用品零售,,
"新北市新莊區丹鳳里０１９鄰新北大道七段４７０號六樓",85328646,,"坤利實業社",200000,1081211,獨資,Y,160211,製版,160213,電腦排版、照相排版、印刷排版,,,,
"新北市新莊區丹鳳里０１９鄰新北大道七段４７８號１６樓",87302896,,"榕築室內空間規劃工程行",240000,1090909,獨資,Y,456211,國產家用家具批發,433212,管道工程,433900,其他建築設備安裝,,
"新北市新莊區丹鳳里０１９鄰新北大道七段４８２號１樓",70753087,22555003,"統一超商股份有限公司北縣第四二四分公司",0,0881109,本國公司設立之分公司,Y,471112,直營連鎖式便利商店,,,,,,
"新北市新莊區丹鳳里０１９鄰新北大道七段４８６號五樓",54728387,,"宇傳企業有限公司",200000,1030620,有限公司,Y,458111,文具批發,464111,電腦及電腦週邊設備批發,,,,
"新北市新莊區丹鳳里０１９鄰新北大道７段４６２號３樓",38552410,,"囍堂工作室",10000,1030729,獨資,N,969022,婚禮規劃籌辦服務,,,,,,
"新北市新莊區丹鳳里０１９鄰新北大道７段４７０號１６樓",54029047,,"蘭山苑有限公司",1100000,1011219,有限公司,Y,089799,其他膳食及菜餚製造,,,,,,
"新北市新莊區丹鳳里０１９鄰新北大道７段４７０號１８樓",91040353,,"初白有限公司",200000,1100824,有限公司,N,455999,未分類其他服飾品批發,473999,未分類其他服飾品零售,456211,國產家用家具批發,474211,國產家用家具零售
"新北市新莊區丹鳳里０１９鄰新北大道７段４７０號１８樓",91069800,,"什氏攝影有限公司",200000,1100813,有限公司,N,474922,照相器材零售,760199,其他攝影,731099,其他廣告服務,,
"新北市新莊區丹鳳里０１９鄰新北大道７段４７６號８樓",72622647,,"伊吉邦電腦",80000,1060321,獨資,N,483111,電腦及電腦週邊設備零售,487113,經營網路購物,,,,
"新北市新莊區丹鳳里０１９鄰新北大道７段４７８號４樓",10071550,,"冠佑工程行",200000,0961108,獨資,Y,433111,水電工程,434013,房屋設備安裝工程,433112,電路工程,,
"新北市新莊區丹鳳里０１９鄰新北大道７段４８２號１２樓",83210782,,"能績國際股份有限公司",25000000,1100201,股份有限公司,N,649911,投資有價證券,,,,,,
"新北市新莊區丹鳳里０１９鄰新北大道７段４８２號１３樓",80252695,,"季翔科技有限公司",1000000,0910920,有限公司,Y,464211,電子器材、電子設備批發,,,,,,
"新北市新莊區丹鳳里０１９鄰新北大道７段４８２號１４樓",42720918,,"江安企業有限公司",1000000,1070504,有限公司,Y,249999,其他未分類基本金屬製造,461515,建材五金（螺絲、螺帽、鉚釘等金屬製品）批發,,,,
"新北市新莊區丹鳳里０２０鄰新北大道七段３４８號十一樓",53202878,,"博騰材料有限公司",500000,1000105,有限公司,Y,464299,其他電子、通訊設備及其零組件批發,,,,,,
"新北市新莊區丹鳳里０２０鄰新北大道七段３６０號五樓",41370097,,"七葉手工皂工作室",100000,1040401,獨資,N,487113,經營網路購物,,,,,,
"新北市新莊區丹鳳里０２０鄰新北大道七段３６０號１樓",91097432,,"緁士國際室內裝修有限公司",1000000,1100608,有限公司,Y,434015,室內裝修工程,434011,室內裝潢工程,456211,國產家用家具批發,474212,進口家用家具零售
"新北市新莊區丹鳳里０２０鄰新北大道七段３６６號四樓",31708141,,"遠森企業社",200000,1011011,獨資,Y,461515,建材五金（螺絲、螺帽、鉚釘等金屬製品）批發,259999,其他未分類金屬製品製造,434013,房屋設備安裝工程,451099,其他商品批發經紀
"新北市新莊區丹鳳里０２０鄰新北大道七段３７０號七樓",25094476,,"喬睿國際有限公司",300000,0981223,有限公司,Y,455999,未分類其他服飾品批發,469923,紙張（板）批發,,,,
"新北市新莊區丹鳳里０２０鄰新北大道７段３４２號１６樓",41057940,,"一賢水果行",20000,1030613,獨資,N,454112,水果批發,,,,,,
"新北市新莊區丹鳳里０２０鄰新北大道７段３４６號１３樓",91189663,,"雙鑫工程行",200000,1100517,獨資,Y,434014,防水工程,,,,,,
"新北市新莊區丹鳳里０２０鄰新北大道７段３４６號１４樓",69353014,,"承太企業有限公司",2500000,1070307,有限公司,Y,464111,電腦及電腦週邊設備批發,,,,,,
"新北市新莊區丹鳳里０２０鄰新北大道７段３６２號６樓",82124211,,"皇燿工程行",200000,1070731,獨資,Y,434099,其他建物完工裝修工程,,,,,,
"新北市新莊區丹鳳里０２１鄰新北大道七段３８２號七樓",66981341,,"遠東會場佈置企業社",90000,0950126,獨資,Y,731013,公開展示廣告,731099,其他廣告服務,,,,
"新北市新莊區丹鳳里０２１鄰新北大道七段３８２號４樓",91187399,,"安玖企業社",200000,1100506,獨資,Y,454999,未分類其他食品批發,457299,其他化粧品批發,,,,
"新北市新莊區丹鳳里０２１鄰新北大道七段３８６號５樓",46121837,,"進鎰紡織有限公司",1000000,1050428,有限公司,Y,115999,未分類其他紡織品製造,,,,,,
"新北市新莊區丹鳳里０２１鄰新北大道七段３８８號４樓",83109168,,"翊禾室內裝修工程有限公司",3000000,1090821,有限公司,Y,434015,室內裝修工程,434013,房屋設備安裝工程,434011,室內裝潢工程,461515,建材五金（螺絲、螺帽、鉚釘等金屬製品）批發
"新北市新莊區丹鳳里０２１鄰新北大道七段４０２號九樓",53429782,,"富貴列車設計有限公司",250000,1000812,有限公司,Y,731011,廣告代理商,740100,室內設計,820212,工商展覽籌辦,903018,燈光、舞台設計服務
"新北市新莊區丹鳳里０２１鄰新北大道七段４０２號十二樓",20014158,,"揚升機械商行",1000000,0860110,獨資,Y,474113,家用空調器及其零件零售,474112,家電（視聽設備及家用空調器具除外）零售,,,,
"新北市新莊區丹鳳里０２１鄰新北大道７段３８２號４樓",79854430,,"粥粥不浪費企業社",200000,1091126,獨資,N,561200,餐食攤販,,,,,,
"新北市新莊區丹鳳里０２１鄰新北大道７段３８２號４樓",87317321,,"東誠企業社",150000,1090430,合夥,Y,464999,未分類其他機械器具批發,,,,,,
"新北市新莊區丹鳳里０２１鄰新北大道７段３８６號７樓",41382875,,"薇傑嚴選商行",80000,1040611,獨資,Y,487113,經營網路購物,,,,,,
"新北市新莊區丹鳳里０２１鄰新北大道７段３９０號１４樓",85427358,,"亦霆企業社",240000,1090604,獨資,N,487912,非店面零售代理,,,,,,
"新北市新莊區丹鳳里０２１鄰新北大道７段３９０號１４樓",85427370,,"旻頡商行",1000000,1090604,獨資,Y,461515,建材五金（螺絲、螺帽、鉚釘等金屬製品）批發,433900,其他建築設備安裝,,,,
"新北市新莊區丹鳳里０２１鄰新北大道７段３９０號１４樓",85427385,,"全球手作工坊",240000,1090604,獨資,N,487912,非店面零售代理,,,,,,
"新北市新莊區丹鳳里０２２鄰新北大道七段４４０號六樓",13030978,,"竣鑫工程有限公司",1000000,0910305,有限公司,Y,433212,管道工程,,,,,,
"新北市新莊區丹鳳里０２２鄰新北大道七段４４２號二樓",54693676,,"江錡工程有限公司",250000,1030117,有限公司,Y,433111,水電工程,433211,冷凍、通風、空調系統裝修工程,434013,房屋設備安裝工程,,
"新北市新莊區丹鳳里０２２鄰新北大道七段４４６號八樓",54730588,,"詠涵國際有限公司",5000000,1030701,有限公司,Y,457299,其他化粧品批發,475299,其他化粧品零售,,,,
"新北市新莊區丹鳳里０２２鄰新北大道七段４５２號十五樓",41093170,,"廣盛文具行",10000,1031219,獨資,N,487912,非店面零售代理,,,,,,
"新北市新莊區丹鳳里０２２鄰新北大道７段４５２號１５樓",95882377,,"廣晟文具行",200000,0841120,獨資,Y,458111,文具批發,476111,文具零售,,,,
"新北市新莊區丹鳳里０２２鄰新北大道７段４６０號９樓",90460573,,"誼居室內裝修工程有限公司",2000000,1100917,有限公司,N,434011,室內裝潢工程,434015,室內裝修工程,456211,國產家用家具批發,456199,其他家用電器批發
"新北市新莊區丹鳳里０２３鄰新北大道七段４１８號八樓",13103177,,"牧謀國際有限公司",15000000,0910417,有限公司,Y,452000,綜合商品批發,,,,,,
"新北市新莊區丹鳳里０２３鄰新北大道七段４２０號八樓",27736969,,"希爾頓國際控股有限公司",5000000,0940728,有限公司,Y,455999,未分類其他服飾品批發,456311,寢具批發,456113,家電（視聽設備及家用空調器具除外）批發,452000,綜合商品批發
"新北市新莊區丹鳳里０２３鄰新北大道七段４２０號八樓",28518343,,"愛迪生家電國際有限公司",1000000,0951121,有限公司,Y,464211,電子器材、電子設備批發,455299,其他服裝及其配件批發,456999,未分類其他家用器具及用品批發,475299,其他化粧品零售
"新北市新莊區丹鳳里０２３鄰新北大道七段４３２號十樓",13791907,,"天群企業社",245000,0900731,獨資,Y,461400,漆料及塗料批發,462015,染料、顏料批發,464211,電子器材、電子設備批發,,
"新北市新莊區丹鳳里０２３鄰新北大道７段４１２號３樓",46123981,,"達業國際有限公司",600000,1050428,有限公司,N,455999,未分類其他服飾品批發,465311,汽車零件、汽車百貨批發,,,,
"新北市新莊區丹鳳里０２３鄰新北大道７段４１６號１３樓",91225416,,"大眾油漆工程行",200000,1100924,獨資,N,434012,油漆粉刷、壁飾（紙）黏貼工程,434011,室內裝潢工程,461400,漆料及塗料批發,461516,建材五金（基本金屬）批發
"新北市新莊區丹鳳里０２３鄰新北大道７段４１８號８樓",24217161,,"艾德蒙國際控股股份有限公司",2500000,0970818,股份有限公司,Y,456199,其他家用電器批發,456211,國產家用家具批發,,,,
"新北市新莊區丹鳳里０２３鄰新北大道７段４３０號５樓",37895769,,"倈德企業社",505000,1020702,合夥,Y,461999,未分類其他建材批發,434011,室內裝潢工程,434013,房屋設備安裝工程,434015,室內裝修工程
"新北市新莊區丹鳳里０２３鄰新北大道７段４３２號１３樓",29144505,,"老灰狼影片製作有限公司",8000000,0990326,有限公司,Y,591114,電影片製作,,,,,,
"新北市新莊區丹鳳里０２３鄰新北大道７段４３２號１３樓",83669443,,"科學少女影視有限公司",100000,1090710,有限公司,Y,591114,電影片製作,591311,電影片代理及發行,591113,電視節目製作,,
"新北市新莊區丹鳳里０２４鄰新北大道七段４８８號７樓",24694733,,"洪信有限公司",3000000,1030915,有限公司,Y,465314,機車零件、機車百貨批發,484314,機車零件、機車百貨零售,731099,其他廣告服務,,
"新北市新莊區丹鳳里０２４鄰新北大道七段４８８號７樓",91185596,,"瑞洪實業社",200000,1100430,獨資,Y,433900,其他建築設備安裝,484111,全新汽車零售,484311,汽車零件、汽車百貨零售,,
"新北市新莊區丹鳳里０２４鄰新北大道七段４９０號",31676751,,"莎拉灣泰式氧生坊",240000,1010423,獨資,N,962299,其他美容美體服務,,,,,,
"新北市新莊區丹鳳里０２４鄰新北大道七段４９８巷２號１５樓",47035085,,"銘威開發科技有限公司",500000,1050614,有限公司,Y,464211,電子器材、電子設備批發,,,,,,
"新北市新莊區丹鳳里０２４鄰新北大道７段４９６號９樓",47027037,,"宏銘五金有限公司",3000000,1050613,有限公司,Y,461516,建材五金（基本金屬）批發,,,,,,
"新北市新莊區丹鳳里０２５鄰新北大道七段４９８巷１０號１７樓",26736619,,"羅美企業社",200000,1000926,獨資,Y,469922,寵物用品批發,,,,,,
"新北市新莊區丹鳳里０２５鄰新北大道七段４９８巷１６號",12778223,,"艾力達有限公司",8000000,0900412,有限公司,Y,473214,真皮皮包、手提包零售,740100,室內設計,461515,建材五金（螺絲、螺帽、鉚釘等金屬製品）批發,456211,國產家用家具批發
"新北市新莊區丹鳳里０２５鄰新北大道七段４９８巷１８號十三樓",96919302,,"尚谷營造有限公司",15000000,0850524,有限公司,Y,429099,未分類其他土木工程,,,,,,
"新北市新莊區丹鳳里０２５鄰新北大道七段４９８巷８號８樓",91183400,,"樂曦企業社",200000,1100423,獨資,N,458299,其他運動用品及器材批發,,,,,,
"新北市新莊區丹鳳里０２５鄰新北大道７段４９８巷１０號１１樓",53412543,,"國群膠業有限公司",400000,1000530,有限公司,Y,464111,電腦及電腦週邊設備批發,464499,其他辦公用機械器具批發,464211,電子器材、電子設備批發,631299,其他資料處理、主機及網站代管服務
"新北市新莊區丹鳳里０２５鄰新北大道７段４９８巷１０號１１樓",91041640,,"國鎰科技有限公司",400000,1100827,有限公司,N,456999,未分類其他家用器具及用品批發,464999,未分類其他機械器具批發,464111,電腦及電腦週邊設備批發,464211,電子器材、電子設備批發
"新北市新莊區丹鳳里０２５鄰新北大道７段４９８巷１２號６樓",91219651,,"蔓凌商行",200000,1100907,獨資,N,456311,寢具批發,474311,寢具零售,471999,未分類其他綜合商品零售,,
"新北市新莊區丹鳳里０２７鄰新北大道７段１８０號之２",13512010,,"華峰興企業社",200000,0900412,獨資,Y,461211,水泥及水泥製品批發,461212,石灰及石灰製品批發,,,,
"新北市新莊區丹鳳里１２鄰中正路６９４巷２號２樓",53433890,,"家宇開發室內設計有限公司",500000,1000831,有限公司,Y,740100,室內設計,434011,室內裝潢工程,434013,房屋設備安裝工程,434012,油漆粉刷、壁飾（紙）黏貼工程
"新北市新莊區丹鳳里１２鄰中正路６９４巷２８號１樓",54180275,,"碩璟科技有限公司",10000000,1020410,有限公司,Y,433111,水電工程,,,,,,
"新北市新莊區丹鳳里１２鄰中正路６９４巷６號",49989517,,"升鴻食品行",200000,0941214,獨資,Y,454918,麵食品批發,,,,,,
"新北市新莊區五工一路７２巷３號２樓",66615020,,"佳興精密工業有限公司",200000,1060619,有限公司,Y,259100,螺絲、螺帽及鉚釘製造,,,,,,
"新北市新莊區五工一路８０巷１０號５樓",27375867,,"龍城興業有限公司",500000,0930701,有限公司,Y,458213,釣具批發,458299,其他運動用品及器材批發,451099,其他商品批發經紀,,
"新北市新莊區五工一路８７巷３號３樓",12394227,,"宏致興業有限公司",1000000,0710805,有限公司,Y,464921,原動機批發,485299,未分類其他全新商品零售,,,,
"新北市新莊區五工一路９０號",68678128,,"澤宇冷凍食品有限公司",1000000,1061219,有限公司,Y,454400,冷凍調理食品批發,,,,,,
"新北市新莊區五工一路９６號",24405488,,"孟鼎企業有限公司",3000000,0980514,有限公司,Y,464111,電腦及電腦週邊設備批發,639099,未分類其他資訊服務,487113,經營網路購物,,
"新北市新莊區五工一路９６號２樓",05197544,,"世在交通有限公司",10000000,0721022,有限公司,Y,494099,其他汽車貨運,,,,,,
"新北市新莊區五工一路９７巷２號５樓",70545455,,"耀祖工程有限公司",2000000,0890407,有限公司,Y,434011,室內裝潢工程,,,,,,
"新北市新莊區五工三路６２巷１１號（１樓）",53450026,,"嘉氏企業有限公司",1000000,1000929,有限公司,Y,475299,其他化粧品零售,,,,,,
"新北市新莊區五工三路６２巷２９號１樓",14260961,,"又潔企業社",228000,0910108,合夥,Y,461515,建材五金（螺絲、螺帽、鉚釘等金屬製品）批發,474919,家用濾水器、淨水器零售,812100,建築物一般清潔服務,,
"新北市新莊區五工三路６２巷８號５樓",18274109,,"高山人力行",200000,0891007,獨資,Y,782000,人力供應,524900,其他陸上運輸輔助,,,,
"新北市新莊區五工三路６６號３樓",89730120,,"一福實業有限公司",1000000,0841018,有限公司,Y,251199,其他金屬手工具製造,,,,,,
"新北市新莊區五工三路７０巷１號",18457310,,"銓榮工程企業社",10000000,0891018,獨資,Y,433211,冷凍、通風、空調系統裝修工程,434011,室內裝潢工程,381111,一般事業廢棄物清除,,
"新北市新莊區五工三路７０巷１２號",84655609,,"鴻歷企業有限公司",3500000,0830104,有限公司,Y,461514,建材五金（銲條）批發,,,,,,
"新北市新莊區五工三路７０巷８號（１樓）",66605796,,"彩琳紡織有限公司",300000,1060602,有限公司,Y,455199,其他布疋批發,,,,,,
"新北市新莊區五工三路７８巷１４號",84155962,,"新順錩有限公司",500000,0821213,有限公司,Y,252211,金屬門窗（框）製造,,,,,,
"新北市新莊區五工三路７８巷７號",23600694,,"富港體育用品事業有限公司",500000,0781212,有限公司,Y,455211,服裝批發,,,,,,
"新北市新莊區五工三路８３號",69437979,,"艾薇亞有限公司",5000000,1070418,有限公司,Y,193099,其他清潔用品及化粧品製造,,,,,,
"新北市新莊區五工三路８６巷１４號",12994806,,"益順興企業有限公司",5000000,0901225,有限公司,Y,461515,建材五金（螺絲、螺帽、鉚釘等金屬製品）批發,,,,,,
"新北市新莊區五工三路８６巷２２號４樓",13055891,,"鎮記機械實業有限公司",1000000,0910423,有限公司,Y,241212,鑄鐵件鑄造,474113,家用空調器及其零件零售,,,,
"新北市新莊區五工三路８６巷２４號２樓",41409059,,"無憂廚坊",50000,1041103,獨資,N,487113,經營網路購物,,,,,,
"新北市新莊區五工三路８６巷２４號２樓",73793669,,"順豐冷氣行",100000,0870624,獨資,Y,456114,家用空調器及其零件批發,,,,,,
"新北市新莊區五工三路９４巷１號（１樓）",01267239,,"諳強企業社",240000,1021104,獨資,Y,483299,其他通訊設備零售,,,,,,
"新北市新莊區五工三路９４巷１８號",16265792,,"全發五金有限公司",5000000,0870105,有限公司,Y,464999,未分類其他機械器具批發,,,,,,
"新北市新莊區五工三路９４巷３號",14650807,,"久久企業社",200000,0910424,獨資,N,456999,未分類其他家用器具及用品批發,,,,,,
"新北市新莊區五工三路９４巷４號",91337209,,"Ｊ個鐵板",80000,1100825,獨資,N,561113,麵店、小吃店,,,,,,
"新北市新莊區五工三路９４巷６號",98680516,,"昶陞商行",450000,0920519,獨資,Y,471999,未分類其他綜合商品零售,475112,西藥零售,475113,醫療耗材零售,932414,夾娃娃機店
"新北市新莊區五工三路９５號１樓",87770687,,"三五成群咖啡店",200000,0830312,獨資,N,563112,咖啡館,,,,,,
"新北市新莊區五工二路５０巷２號",41486604,,"新北市新莊區興化國民小學附設停車場",200000,1040506,其他,N,524100,停車場管理,,,,,,
"新北市新莊區五工二路６２巷２１號３樓",82229566,,"古米兒中大服飾",10000,1071002,獨資,N,487113,經營網路購物,,,,,,
"新北市新莊區五工二路６２巷２６號",72764407,,"大尺碼女王",50000,1060718,獨資,N,487113,經營網路購物,,,,,,
"新北市新莊區五工二路７０巷巷口",09925806,,"五工二路７０巷口停車場",30000,0950906,獨資,N,524100,停車場管理,,,,,,
"新北市新莊區五工二路７０巷１０號",97243101,,"聯健有限公司",1000000,0851024,有限公司,Y,456113,家電（視聽設備及家用空調器具除外）批發,,,,,,
"新北市新莊區五工二路７０巷８號",20485621,,"百隆企業社",200000,0861105,獨資,N,959917,開鎖及配鎖,969018,刻印章,920011,彩券銷售,,
"新北市新莊區五工二路７７號",72783452,,"橘子廚房",200000,1060922,獨資,N,561111,早餐店,,,,,,
"新北市新莊區五工二路７８巷１１號４樓",16026097,,"遠品有限公司",1000000,0860624,有限公司,Y,464211,電子器材、電子設備批發,,,,,,
"新北市新莊區五工二路８３號１樓",67805478,,"兆俐輪胎行",500000,0870312,獨資,Y,465315,汽車輪胎批發,,,,,,
"新北市新莊區五工二路８６巷２４號３樓之１",72862913,,"加冪影像工作室",80000,1070301,獨資,Y,760199,其他攝影,,,,,,
"新北市新莊區五工二路８６巷２４號７樓之１",66632132,,"德皇貿易有限公司",1000000,1060712,有限公司,Y,469922,寵物用品批發,,,,,,
"新北市新莊區五工二路８６巷４１號６樓",89385801,,"中碩開發有限公司",7000000,0860718,有限公司,Y,465311,汽車零件、汽車百貨批發,,,,,,
"新北市新莊區五工二路８６巷４３號６樓",80648233,,"里昂視覺製作有限公司",500000,0930213,有限公司,Y,740911,企業識別標誌設計,,,,,,
"新北市新莊區五工二路８６巷５２號４樓",72873572,,"天創機電社",240000,1070418,獨資,Y,771914,電力設備出租,465311,汽車零件、汽車百貨批發,,,,
"新北市新莊區五工二路９１號",16432692,22555003,"統一超商股份有限公司新北市第二九四分公司",0,0870109,本國公司設立之分公司,Y,471112,直營連鎖式便利商店,,,,,,
"新北市新莊區五工二路９４巷３號１樓",36227918,,"頤泰企業有限公司",8600000,0730620,有限公司,Y,455999,未分類其他服飾品批發,,,,,,
"新北市新莊區五工二路９４巷３號３樓",78217053,,"國裕工程行",100000,0810319,獨資,Y,252211,金屬門窗（框）製造,,,,,,
"新北市新莊區五工五路１１號６樓",86199439,,"小石公爵國際股份有限公司",10000000,0800528,股份有限公司,Y,121017,其他梭織外衣製造,,,,,,
"新北市新莊區五工五路１３號",27393491,,"兆利科技工業股份有限公司",601213980,0930707,股份有限公司,Y,269911,電子連接器（線）製造,259211,金屬彈簧製造,259999,其他未分類金屬製品製造,271999,未分類其他電腦週邊設備製造
"新北市新莊區五工五路１７號",35866232,,"一詮精密工業股份有限公司",2219585790,0660801,股份有限公司,Y,269911,電子連接器（線）製造,273099,其他視聽電子產品製造,,,,
"新北市新莊區五工五路２之１號",22490987,,"允成工業股份有限公司",20000000,0760502,股份有限公司,Y,681112,不動產租賃,473911,行李箱、旅行袋（箱）、背包、公事包、化箱零售,451099,其他商品批發經紀,456799,其他清潔用品批發
"新北市新莊區五工五路２號之１（２樓）",24700685,,"承鋐股份有限公司",3800000,1031013,股份有限公司,N,524100,停車場管理,681112,不動產租賃,,,,
"新北市新莊區五工五路２３號",22402611,,"品元企業股份有限公司",29300000,0790901,股份有限公司,Y,259100,螺絲、螺帽及鉚釘製造,,,,,,
"新北市新莊區五工五路５號５樓",54336740,,"韓味道國際有限公司",1000000,1020705,有限公司,N,454999,未分類其他食品批發,,,,,,
"新北市新莊區五工五路５號９樓",12640277,,"聯驊股份有限公司",350000000,0891108,股份有限公司,Y,649911,投資有價證券,681112,不動產租賃,,,,
"新北市新莊區五工五路５號９樓",42722296,,"睿雲股份有限公司",5000000,1070511,股份有限公司,Y,620199,其他電腦程式設計,,,,,,
"新北市新莊區五工五路５號９樓",83262937,,"驊飛股份有限公司",29472000,1091229,股份有限公司,N,649911,投資有價證券,670012,不動產投資開發,681112,不動產租賃,,
"新北市新莊區五工五路７號",36316221,,"輔佑企業股份有限公司",72000000,0740520,股份有限公司,Y,681112,不動產租賃,,,,,,
"新北市新莊區五工五路８號",35964655,,"京華超音波股份有限公司",143055000,0680718,股份有限公司,Y,293917,抽通風機製造,,,,,,
"新北市新莊區五工六路１２號",22558389,,"廣鎛精密股份有限公司",10000000,0810429,股份有限公司,Y,293800,動力手工具製造,681112,不動產租賃,,,,
"新北市新莊區五工路３５號地下停車場",85309465,80304384,"日月亭股份有限公司捷運新北產業園區營業所",0,1081023,其他,Y,524100,停車場管理,,,,,,
"新北市新莊區五工路３７號",72610184,80682490,"歐特儀股份有限公司Ａ３新北產業園區站停車場",0,1060209,其他,Y,524100,停車場管理,,,,,,
"新北市新莊區五工路６０號",23949771,,"五工有限公司",26000000,0810323,有限公司,Y,482111,汽油零售,484311,汽車零件、汽車百貨零售,681112,不動產租賃,,
"新北市新莊區五工路６２之１號",35041007,51015548,"嘉里大榮物流股份有限公司三重營業所",0,0490601,其他,Y,494099,其他汽車貨運,530100,普通倉儲經營,530200,冷凍冷藏倉儲經營,,
"新北市新莊區五工路６２之１號",78879047,52822983,"嘉里快遞股份有限公司五股營業所",0,0820813,其他,Y,494099,其他汽車貨運,,,,,,
"新北市新莊區五工路６６號旁附近",41235229,24700685,"承鋐股份有限公司新莊營業所",0,1031216,其他,Y,524100,停車場管理,681112,不動產租賃,,,,
"新北市新莊區五工路８２號３樓",34753963,,"宏遠國際貿易商行",1500000,0990519,獨資,Y,455999,未分類其他服飾品批發,487113,經營網路購物,,,,
"新北市新莊區五工路８４號１樓",17450628,86962547,"晉茂機械五金有限公司五工店門市部",0,0881119,其他,Y,481014,居家修繕用品零售,461515,建材五金（螺絲、螺帽、鉚釘等金屬製品）批發,,,,
"新北市新莊區五工路８６號",19753417,,"新元進餐坊",200000,0851004,獨資,Y,561114,連鎖速食店,,,,,,
"新北市新莊區五工路８８號２樓",42725202,,"寶利達建設股份有限公司",11200000,1070524,股份有限公司,N,670012,不動產投資開發,,,,,,
"新北市新莊區五工路９５號旁",50718844,33029464,"中興電工機械股份有限公司嘟嘟房五工１站",0,1051130,其他,Y,524100,停車場管理,,,,,,
"新北市新莊區五工路９９之１號",34271255,,"允良家具裝潢有限公司",5000000,0680501,有限公司,Y,474211,國產家用家具零售,,,,,,
"新北市新莊區五權―路１號７樓之９",86081945,,"鼎正資訊股份有限公司",10250000,0800702,股份有限公司,Y,292999,其他未分類專用機械設備製造,,,,,,
"新北市新莊區五權―路１００號１樓",92863284,,"吉利自助餐",30000,0831024,獨資,N,561111,早餐店,,,,,,
"新北市新莊區五權―路３號２樓之２",22595461,,"景琳實業有限公司",10000000,0761020,有限公司,Y,292999,其他未分類專用機械設備製造,464211,電子器材、電子設備批發,,,,
"新北市新莊區五權―路３號３樓之１２",22752378,,"錦欣貿易股份有限公司",20000000,0770209,股份有限公司,Y,462099,其他化學原材料及其製品批發,,,,,,
"新北市新莊區五權―路４４號",78896756,,"五權五金行",50000,0821228,獨資,N,481014,居家修繕用品零售,,,,,,
"新北市新莊區五權―路５號４樓之１",23036830,,"昌碁企業有限公司",5000000,0780517,有限公司,Y,462015,染料、顏料批發,,,,,,
"新北市新莊區五權―路５號５樓之６",23492962,,"友元模型實業有限公司",1000000,0810327,有限公司,Y,339999,未分類其他工業製品製造,,,,,,
"新北市新莊區五權―路５號６樓之４",86187497,,"嘉等電器有限公司",5000000,0810130,有限公司,Y,464211,電子器材、電子設備批發,,,,,,
"新北市新莊區五權―路５號７樓之１１",39604470,,"祥都工業有限公司",1000000,0721001,有限公司,Y,681112,不動產租賃,,,,,,
"新北市新莊區五權―路９號７樓之１",84996590,,"吉林貿易有限公司",10000000,0830923,有限公司,Y,681112,不動產租賃,,,,,,
"新北市新莊區五權―路９號８樓之１",22758302,,"貝星貿易有限公司",5000000,0811230,有限公司,Y,192012,油墨製造,,,,,,
"新北市新莊區五權一路１號一樓",98762642,,"新北產業園區忠孝公寓大廈管理委員會",5000,1020613,其他,N,524100,停車場管理,681112,不動產租賃,,,,
"新北市新莊區五權一路１號１樓",23691809,,"正坤彩色製版印刷股份有限公司",10000000,0800323,股份有限公司,Y,160100,印刷,,,,,,
"新北市新莊區五權一路１號３樓之１０",84099391,,"鼎鈞貿易有限公司",15000000,0811231,有限公司,Y,456111,家電材料批發,283100,電線及電纜製造,,,,
"新北市新莊區五權一路１號３樓之１０",84109243,,"宇瑞電子股份有限公司",35000000,0811207,股份有限公司,Y,464211,電子器材、電子設備批發,,,,,,
"新北市新莊區五權一路１號３樓之４",36242039,,"丞信企業有限公司",1000000,0791221,有限公司,Y,474111,家用照明設備零售,485217,手工藝品零售,464499,其他辦公用機械器具批發,434012,油漆粉刷、壁飾（紙）黏貼工程
"新北市新莊區五權一路１號３樓之４",54694915,,"艾瓦奇有限公司",10000000,1030123,有限公司,Y,160100,印刷,,,,,,
"新北市新莊區五權一路１號３樓之５",12608706,,"世文科技股份有限公司",60000000,0900430,股份有限公司,Y,249911,貴金屬製造,,,,,,
"新北市新莊區五權一路１號３樓之８",22587856,,"緣航有限公司",25000000,0760901,有限公司,Y,220999,未分類其他塑膠製品製造,464999,未分類其他機械器具批發,,,,
"新北市新莊區五權一路１號４樓之２",12454842,,"保輝工業股份有限公司",81000000,0810131,股份有限公司,N,464211,電子器材、電子設備批發,,,,,,
"新北市新莊區五權一路１號４樓之４",16240688,,"宏嘉寶股份有限公司",24000000,0870910,股份有限公司,Y,285999,未分類其他家用電器製造,,,,,,
"新北市新莊區五權一路１號４樓之６",07686842,,"曜良實業股份有限公司",200000000,0830510,股份有限公司,Y,114099,其他染整,115999,未分類其他紡織品製造,455299,其他服裝及其配件批發,473299,其他服裝及其配件零售
"新北市新莊區五權一路１號４樓之９",23298186,,"坤欣有限公司",8000000,0800608,有限公司,Y,220999,未分類其他塑膠製品製造,,,,,,
"新北市新莊區五權一路１號６樓之１",23827355,,"台信科技股份有限公司",43925000,0791220,股份有限公司,Y,271911,讀卡機製造,,,,,,
"新北市新莊區五權一路１號７樓之１０",35946593,,"又聲企業有限公司",5000000,0680223,有限公司,Y,259999,其他未分類金屬製品製造,,,,,,
"新北市新莊區五權一路１號７樓之５",22338739,,"一升科技股份有限公司",15500000,0751203,股份有限公司,Y,275199,其他量測、導航及控制設備製造,,,,,,
"新北市新莊區五權一路１號７樓之７",22746405,,"群圍企業股份有限公司",250800000,0770126,股份有限公司,Y,455111,絲織、麻織、棉織、毛織品批發,,,,,,
"新北市新莊區五權一路１號７樓之９",12471259,,"資正電子企業股份有限公司",50000000,0721201,股份有限公司,Y,275199,其他量測、導航及控制設備製造,,,,,,
"新北市新莊區五權一路１號８樓之１",69435613,,"小齊空間設計有限公司",3000000,1070417,有限公司,Y,740100,室內設計,434011,室內裝潢工程,,,,
"新北市新莊區五權一路１號８樓之３",53313369,,"康健德科技有限公司",1000000,1000223,有限公司,Y,454920,保健食品批發,,,,,,
"新北市新莊區五權一路１號８樓之４",36052207,,"聚豐精機企業股份有限公司",23000000,0700423,股份有限公司,Y,251299,其他金屬模具製造,,,,,,
"新北市新莊區五權一路１０號１樓",90923217,22721208,"鬍鬚張股份有限公司五權營業處",0,0830825,其他,Y,561111,早餐店,,,,,,
"新北市新莊區五權一路１１號之２",23076332,,"精銳電機股份有限公司",15000000,0771018,股份有限公司,Y,269911,電子連接器（線）製造,,,,,,
"新北市新莊區五權一路１１號１樓",23518169,,"權毅企業有限公司",60000000,0790205,有限公司,Y,259999,其他未分類金屬製品製造,,,,,,
"新北市新莊區五權一路１１號３樓之２",35992266,,"益進鋼模有限公司",3000000,0690205,有限公司,Y,681112,不動產租賃,,,,,,
"新北市新莊區五權一路１１號３樓之４",22984829,,"日盛電線實業有限公司",10000000,0770901,有限公司,Y,464211,電子器材、電子設備批發,,,,,,
"新北市新莊區五權一路１１號４樓之３",23729853,,"來農服飾開發有限公司",4300000,0790412,有限公司,Y,455211,服裝批發,,,,,,
"新北市新莊區五權一路１１號５樓之３",12166764,,"柏泓貿易有限公司",8000000,0670413,有限公司,Y,469922,寵物用品批發,087000,動物飼品製造,454921,動物飼品批發,485222,寵物飼品零售
"新北市新莊區五權一路１１號５樓之４",23578270,,"宇名工業股份有限公司",26000000,0790328,股份有限公司,Y,251113,鎖具及鑰匙製造,,,,,,
"新北市新莊區五權一路１１號６樓之１",70679003,,"朝鈞企業有限公司",5000000,0890113,有限公司,Y,269911,電子連接器（線）製造,,,,,,
"新北市新莊區五權一路１１號７樓之１",35897501,,"大捷企業有限公司",1000000,0740529,有限公司,Y,291211,金屬用車床、銑床、鑽床製造,,,,,,
"新北市新莊區五權一路１１８號２樓",84792195,,"取德科技有限公司",5000000,0830414,有限公司,Y,464112,電腦套裝軟體批發,631299,其他資料處理、主機及網站代管服務,464111,電腦及電腦週邊設備批發,451099,其他商品批發經紀
"新北市新莊區五權一路１２巷２０號",22198553,,"中國層析科技有限公司",5000000,0790628,有限公司,Y,464916,舞台音響（燈光）設備批發,,,,,,
"新北市新莊區五權一路１２巷２１弄１１號４樓",22995635,,"眾將室內裝修有限公司",20000000,0770908,有限公司,Y,434011,室內裝潢工程,,,,,,
"新北市新莊區五權一路１２巷２１弄３０號",13504790,,"準速配鎖刻印店",50000,0900327,獨資,N,959917,開鎖及配鎖,969018,刻印章,,,,
"新北市新莊區五權一路１２巷２１弄３０號",85351456,,"努拉手作工房",20000,1081129,獨資,N,487113,經營網路購物,,,,,,
"新北市新莊區五權一路１２巷２２號旁",18461948,,"五權停車場",50000,0890928,獨資,N,524100,停車場管理,,,,,,
"新北市新莊區五權一路１２巷８號",20297748,,"世界咖啡簡餐",100000,0860610,獨資,N,561113,麵店、小吃店,,,,,,
"新北市新莊區五權一路１２巷８號２樓",72856807,,"文彬企業社",200000,1070119,獨資,Y,431017,紮鋼筋工程,,,,,,
"新北市新莊區五權一路１３號１樓",86268110,,"長榮超音波股份有限公司",45000000,0810109,股份有限公司,Y,293917,抽通風機製造,,,,,,
"新北市新莊區五權一路１３號３樓之２",22927172,,"聲億科技股份有限公司",70000000,0770613,股份有限公司,Y,220300,塑膠外殼及配件製造,269999,其他未分類電子零組件製造,284299,其他照明器具製造,272999,未分類其他通訊傳播設備製造
"新北市新莊區五權一路１３號４樓之１",86539090,,"華盛工業股份有限公司",45000000,0810326,股份有限公司,Y,292999,其他未分類專用機械設備製造,,,,,,
"新北市新莊區五權一路１３號４樓之３",22377444,,"泓凱光電股份有限公司",455000000,0760212,股份有限公司,Y,251299,其他金屬模具製造,303099,其他汽車零件製造,284299,其他照明器具製造,271999,未分類其他電腦週邊設備製造
"新北市新莊區五權一路１３號４樓之３",53145639,,"凱崴光電科技股份有限公司",210000000,0990827,股份有限公司,Y,254999,未分類其他金屬加工處理,,,,,,
"新北市新莊區五權一路１３號４樓之４",15965895,,"碩傑企業股份有限公司",21000000,0720603,股份有限公司,Y,464918,實驗設備批發,,,,,,
"新北市新莊區五權一路１３號５樓之１",36256883,,"勵人電子股份有限公司",80000000,0730317,股份有限公司,Y,464111,電腦及電腦週邊設備批發,,,,,,
"新北市新莊區五權一路１３號５樓之４",27775548,,"宏緯印刷有限公司",7500000,0940428,有限公司,Y,160212,印刷品裝訂及加工,,,,,,
"新北市新莊區五權一路１３號７樓之３",22032786,,"春廸科技股份有限公司",29000000,0810630,股份有限公司,Y,464211,電子器材、電子設備批發,,,,,,
"新北市新莊區五權一路１３號８樓之１",86336481,,"介合實業股份有限公司",20000000,0800912,股份有限公司,Y,210999,未分類其他橡膠製品製造,,,,,,
"新北市新莊區五權一路１３號８樓之２",09464368,,"台灣鑽針有限公司",10000000,0731201,有限公司,Y,461515,建材五金（螺絲、螺帽、鉚釘等金屬製品）批發,,,,,,
"新北市新莊區五權一路１３號８樓之３",23538812,,"必勤企業有限公司",5000000,0781128,有限公司,Y,681112,不動產租賃,,,,,,
"新北市新莊區五權一路３號",23523536,,"家稜實業股份有限公司",1000000,0781121,股份有限公司,Y,259999,其他未分類金屬製品製造,,,,,,
"新北市新莊區五權一路３號２樓之１",27464586,,"亞羅曼國際股份有限公司",5000000,0931011,股份有限公司,Y,193012,清潔劑製造,193099,其他清潔用品及化粧品製造,,,,
"新北市新莊區五權一路３號２樓之３",97395824,,"翰軒文化事業有限公司",1900000,0860412,有限公司,Y,458111,文具批發,,,,,,
"新北市新莊區五權一路３號２樓之４",07727739,,"力騰實業有限公司",28000000,0890426,有限公司,Y,331199,其他體育用品製造,251211,塑膠成型模具製造,,,,
"新北市新莊區五權一路３號３樓之７",23676482,,"欣恩工業有限公司",5000000,0790828,有限公司,Y,210999,未分類其他橡膠製品製造,,,,,,
"新北市新莊區五權一路３號３樓之８",22133460,,"凱如工業有限公司",12000000,0750722,有限公司,Y,241212,鑄鐵件鑄造,,,,,,
"新北市新莊區五權一路３號４樓之１１",23969353,,"慶暐醫療器材科技股份有限公司",50000000,0800209,股份有限公司,Y,332900,其他醫療器材及用品製造,,,,,,
"新北市新莊區五權一路３號４樓之２",23762199,,"川井有限公司",5000000,0810115,有限公司,Y,464921,原動機批發,,,,,,
"新北市新莊區五權一路３號４樓之７",02082267,,"銅利銘板有限公司",5000000,0740926,有限公司,Y,339999,未分類其他工業製品製造,,,,,,
"新北市新莊區五權一路３號４樓之９",22466760,,"合敬企業有限公司",15000000,0800816,有限公司,Y,456112,家用照明器材批發,,,,,,
"新北市新莊區五權一路３號５樓之７",23812493,,"文裕科技有限公司",1000000,0790721,有限公司,Y,331199,其他體育用品製造,,,,,,
"新北市新莊區五權一路３號５樓之８",12269234,,"奇恩電子股份有限公司",18600000,0690208,股份有限公司,Y,269999,其他未分類電子零組件製造,282012,二次電池製造,,,,
"新北市新莊區五權一路３號６樓之１１",16226969,,"匯鑫電子股份有限公司",6000000,0860930,股份有限公司,Y,273099,其他視聽電子產品製造,,,,,,
"新北市新莊區五權一路３號６樓之１２",23193697,,"璉譽企業股份有限公司",5000000,0780225,股份有限公司,Y,331199,其他體育用品製造,457113,醫療耗材批發,,,,
"新北市新莊區五權一路３號６樓之４",36361055,,"峻光企業有限公司",29000000,0740715,有限公司,Y,281011,電力變壓器製造,,,,,,
"新北市新莊區五權一路３號６樓之５",23959448,,"三見企業有限公司",6000000,0801216,有限公司,Y,464211,電子器材、電子設備批發,,,,,,
"新北市新莊區五權一路３號６樓之５",80492029,,"西河健康事業股份有限公司",1000000,0920717,股份有限公司,Y,454999,未分類其他食品批發,464915,醫療機械設備批發,457113,醫療耗材批發,332900,其他醫療器材及用品製造
"新北市新莊區五權一路３號７樓之７",23717287,,"路必康實業有限公司",1000000,0851105,有限公司,Y,456111,家電材料批發,,,,,,
"新北市新莊區五權一路３號８樓之１０",36161970,,"勵群企業股份有限公司",5000000,0720819,股份有限公司,Y,461515,建材五金（螺絲、螺帽、鉚釘等金屬製品）批發,,,,,,
"新北市新莊區五權一路３號８樓之５",23146822,,"達六貿易股份有限公司",16000000,0771230,股份有限公司,Y,464999,未分類其他機械器具批發,,,,,,
"新北市新莊區五權一路５號之１",11657952,,"華基企業股份有限公司",15000000,0671101,股份有限公司,Y,275199,其他量測、導航及控制設備製造,,,,,,
"新北市新莊區五權一路５號之４",84652912,,"華勵實業有限公司",5000000,0830331,有限公司,Y,259999,其他未分類金屬製品製造,,,,,,
"新北市新莊區五權一路５號之５",22092448,,"茂崇企業有限公司",1000000,0750428,有限公司,Y,681112,不動產租賃,,,,,,
"新北市新莊區五權一路５號之８",36096556,,"正尉企業有限公司",5000000,0710408,有限公司,Y,259999,其他未分類金屬製品製造,,,,,,
"新北市新莊區五權一路５號２樓",36310872,,"翔業企業社",48000,0740410,獨資,Y,251211,塑膠成型模具製造,,,,,,
"新北市新莊區五權一路５號３樓之１０",97091553,,"同弘業企業有限公司",5000000,0850622,有限公司,Y,464921,原動機批發,,,,,,
"新北市新莊區五權一路５號３樓之６",23383471,,"進卯企業股份有限公司",1000000,0800822,股份有限公司,Y,681112,不動產租賃,,,,,,
"新北市新莊區五權一路５號４樓之３",80399804,,"廣聖電子有限公司",1000000,0920718,有限公司,Y,275115,計量及計數器製造,,,,,,
"新北市新莊區五權一路５號５樓之３",22057076,,"乙尊企業有限公司",11000000,0750122,有限公司,Y,331400,文具製造,,,,,,
"新北市新莊區五權一路５號５樓之７",12627915,,"暉正工業有限公司",12430000,0900223,有限公司,Y,439099,未分類其他專門營造,,,,,,
"新北市新莊區五權一路５號６樓之１１",22860334,,"綜乙實業有限公司",5000000,0800425,有限公司,Y,464211,電子器材、電子設備批發,,,,,,
"新北市新莊區五權一路５號６樓之８",70605299,,"研仁科技股份有限公司",5000000,0890911,股份有限公司,Y,273099,其他視聽電子產品製造,,,,,,
"新北市新莊區五權一路５號６樓之９",36358925,,"銓杉企業股份有限公司",6000000,0740503,股份有限公司,Y,220999,未分類其他塑膠製品製造,,,,,,
"新北市新莊區五權一路５號７樓之１０",23877973,,"昶固螺絲有限公司",5000000,0791110,有限公司,Y,259100,螺絲、螺帽及鉚釘製造,,,,,,
"新北市新莊區五權一路５號７樓之２",35944737,,"吉鑽精機企業有限公司",7500000,0680312,有限公司,Y,291211,金屬用車床、銑床、鑽床製造,,,,,,
"新北市新莊區五權一路５號７樓之４",80451245,,"長鉎有限公司",5000000,0920808,有限公司,Y,439012,模板工程,,,,,,
"新北市新莊區五權一路５號７樓之６",23805556,,"達冠有限公司",1000000,0790711,有限公司,Y,681112,不動產租賃,,,,,,
"新北市新莊區五權一路５號７樓之７",27450204,,"醄醴有限公司",7500000,0930922,有限公司,Y,081213,醃漬肉品製造,454999,未分類其他食品批發,740999,未分類其他專門設計服務,,
"新北市新莊區五權一路５號８樓之７（８０４室）",23039153,,"傳永有限公司",25000000,0771217,有限公司,Y,457113,醫療耗材批發,,,,,,
"新北市新莊區五權一路６４號",10651781,,"寬晟數位事務用品行",200000,0970701,獨資,Y,469923,紙張（板）批發,458111,文具批發,464411,辦公室家具批發,464111,電腦及電腦週邊設備批發
"新北市新莊區五權一路７號之７",36252628,,"冠欣有限公司",15000000,0730121,有限公司,Y,259999,其他未分類金屬製品製造,,,,,,
"新北市新莊區五權一路７號３樓之１",69367903,,"俊榮國際行銷有限公司",200000,1070315,有限公司,Y,089111,糕餅麵包製造,089499,其他糖果製造,,,,
"新北市新莊區五權一路７號３樓之１",80409351,,"永匯豐科技有限公司",20000000,0920613,有限公司,Y,293917,抽通風機製造,,,,,,
"新北市新莊區五權一路７號３樓之１０",86075182,,"五松電子股份有限公司",5500000,0800402,股份有限公司,Y,285999,未分類其他家用電器製造,,,,,,
"新北市新莊區五權一路７號３樓之４",22201797,,"惠群彈簧有限公司",5000000,0750612,有限公司,Y,259212,金屬線製品製造,,,,,,
"新北市新莊區五權一路７號３樓之９",80121202,,"夏兒維亞有限公司",1000000,0920123,有限公司,Y,193099,其他清潔用品及化粧品製造,,,,,,
"新北市新莊區五權一路７號４樓之１１",23708528,,"業鑫工業有限公司",5000000,0790504,有限公司,Y,293999,未分類其他通用機械設備製造,,,,,,
"新北市新莊區五權一路７號４樓之５",86178639,,"瑋林有限公司",1000000,0800504,有限公司,Y,281099,其他發電、輸電及配電機械製造,,,,,,
"新北市新莊區五權一路７號４樓之６",22690970,,"津泰興業有限公司",5000000,0761211,有限公司,Y,461515,建材五金（螺絲、螺帽、鉚釘等金屬製品）批發,,,,,,
"新北市新莊區五權一路７號４樓之８",36006725,,"鑫鐵企業股份有限公司",16000000,0690524,股份有限公司,Y,464999,未分類其他機械器具批發,,,,,,
"新北市新莊區五權一路７號５樓之１",22381382,,"禾業特殊印刷有限公司",5000000,0760225,有限公司,Y,160100,印刷,,,,,,
"新北市新莊區五權一路７號５樓之１０",29304474,,"錦朗企業社",200000,0931125,獨資,Y,130900,其他皮革及毛皮製品製造,,,,,,
"新北市新莊區五權一路７號５樓之２",23968170,,"國鐙實業有限公司",5000000,0800501,有限公司,Y,461516,建材五金（基本金屬）批發,,,,,,
"新北市新莊區五權一路７號５樓之８",54305330,,"喜泉生物科技股份有限公司",500000,1021023,股份有限公司,Y,092099,其他非酒精飲料製造,193099,其他清潔用品及化粧品製造,,,,
"新北市新莊區五權一路７號６樓之１１",86337382,,"優岦興業有限公司",1000000,0801002,有限公司,Y,681112,不動產租賃,,,,,,
"新北市新莊區五權一路７號６樓之３",22410458,,"鉅禮實業有限公司",5000000,0801217,有限公司,Y,123099,其他服飾品製造,,,,,,
"新北市新莊區五權一路７號６樓之５",23202963,,"麥司儀器有限公司",1000000,0780404,有限公司,Y,275199,其他量測、導航及控制設備製造,,,,,,
"新北市新莊區五權一路７號６樓之６",86786438,,"宙成機械股份有限公司",5000000,0810723,股份有限公司,Y,291211,金屬用車床、銑床、鑽床製造,,,,,,
"新北市新莊區五權一路７號７樓之１１",86260807,,"明圓塑膠廠有限公司",3000000,0810124,有限公司,Y,220212,塑膠袋製品製造,,,,,,
"新北市新莊區五權一路７號７樓之６",23108783,,"乙帝真空成型有限公司",10000000,0780116,有限公司,Y,220999,未分類其他塑膠製品製造,,,,,,
"新北市新莊區五權一路７號７樓之８",84158314,,"帝仁企業有限公司",5000000,0820114,有限公司,Y,130900,其他皮革及毛皮製品製造,,,,,,
"新北市新莊區五權一路７號８樓之４",22572919,,"典正工業股份有限公司",10000000,0781201,股份有限公司,Y,259999,其他未分類金屬製品製造,,,,,,
"新北市新莊區五權一路７號８樓之７",22742674,,"佑帛企業有限公司",10000000,0790903,有限公司,Y,681112,不動產租賃,,,,,,
"新北市新莊區五權一路７號８樓之９",22010116,,"雅吉特殊印刷有限公司",1000000,0820201,有限公司,Y,160100,印刷,,,,,,
"新北市新莊區五權一路７－８號１樓",16020684,,"宏峰實業有限公司",10000000,0860617,有限公司,Y,464111,電腦及電腦週邊設備批發,,,,,,
"新北市新莊區五權一路８８號",66638380,,"旺得夥國際股份有限公司",6000000,1060719,股份有限公司,N,702099,其他管理顧問服務,,,,,,
"新北市新莊區五權一路８８號",69396843,,"旺新餐飲股份有限公司",5000000,1070327,股份有限公司,N,561115,餐館、餐廳,,,,,,
"新北市新莊區五權一路９之２號１樓",35949819,,"開泰工業有限公司",5000000,0680401,有限公司,Y,242311,基本鋁件製造,,,,,,
"新北市新莊區五權一路９號之３",01886576,,"賀盛塑鋼股份有限公司",20000000,0741109,股份有限公司,Y,462012,塑膠原料批發,,,,,,
"新北市新莊區五權一路９號３樓之１",22155674,,"台灣匹優工業股份有限公司",12345000,0791107,股份有限公司,Y,461915,塑膠、橡膠建材製品批發,,,,,,
"新北市新莊區五權一路９號３樓之４",27258354,,"新加坡商實耐寶股份有限公司台灣分公司",5000000,0940707,外國公司在台之分公司,Y,464999,未分類其他機械器具批發,,,,,,
"新北市新莊區五權一路９號３樓之４",36252866,,"詠燁企業有限公司",5000000,0730119,有限公司,Y,277999,未分類其他光學儀器及設備製造,,,,,,
"新北市新莊區五權一路９號５樓之２",89372144,,"名科半導體股份有限公司",80000000,0840413,股份有限公司,Y,261199,其他積體電路製造,,,,,,
"新北市新莊區五權一路９號５樓之３",42730773,,"普升國際有限公司",1000000,1070619,有限公司,Y,456799,其他清潔用品批發,474917,清潔用品零售,,,,
"新北市新莊區五權一路９０號",13013443,,"美食映象整合行銷顧問股份有限公司",10000000,0910121,股份有限公司,Y,731011,廣告代理商,,,,,,
"新北市新莊區五權三路１２巷２號",22409038,,"川德興業股份有限公司",26000000,0790112,股份有限公司,Y,210999,未分類其他橡膠製品製造,,,,,,
"新北市新莊區五權三路１２巷３號",12362365,,"台通光電股份有限公司",1476424170,0790412,股份有限公司,Y,283100,電線及電纜製造,422014,市區電力及電信線路工程,464920,電力設備器材批發,433117,電纜裝修工程
"新北市新莊區五權三路１８號",13691962,,"明記汽車廠",200000,0900605,獨資,Y,951199,其他汽車維修,,,,,,
"新北市新莊區五權三路４號",36119220,,"穎龍塑膠股份有限公司",20000000,0710825,股份有限公司,Y,220999,未分類其他塑膠製品製造,,,,,,
"新北市新莊區五權三路４號之１",84903642,,"士平有限公司",15000000,0840207,有限公司,Y,220999,未分類其他塑膠製品製造,,,,,,
"新北市新莊區五權三路４號之２",12713860,,"豐升原食品股份有限公司",15040000,0891202,股份有限公司,Y,089999,其他未分類食品製造,,,,,,
"新北市新莊區五權三路８號",16264415,,"瑞穎股份有限公司",351331930,0861215,股份有限公司,Y,259999,其他未分類金屬製品製造,269911,電子連接器（線）製造,464499,其他辦公用機械器具批發,464999,未分類其他機械器具批發
"新北市新莊區五權二路２０之２號",86662133,,"新俊塑膠工業股份有限公司",10000000,0810518,股份有限公司,Y,220111,塑膠皮、塑膠布製造,,,,,,
"新北市新莊區五權二路２０號之８，１至２樓",23570002,,"集鑫工業有限公司",1000000,0810103,有限公司,Y,259999,其他未分類金屬製品製造,,,,,,
"新北市新莊區五權二路２０號３樓之１",22739805,,"巨賈工業有限公司",5000000,0841007,有限公司,Y,277911,光學元件製造,,,,,,
"新北市新莊區五權二路２０號３樓之１１",23731611,,"晟懋有限公司",1000000,0790417,有限公司,Y,681112,不動產租賃,,,,,,
"新北市新莊區五權二路２０號３樓之３",89493772,,"一太實業有限公司",1000000,0840529,有限公司,Y,160100,印刷,,,,,,
"新北市新莊區五權二路２０號４樓之５",52534104,,"博桉生物技術股份有限公司",119071470,1060116,股份有限公司,Y,181099,其他化學原材料製造,462099,其他化學原材料及其製品批發,457199,其他藥品及醫療用品批發,475199,其他藥品及醫療用品零售
"新北市新莊區五權二路２０號４樓之７",22473404,,"駿峰精密工業有限公司",5000000,0760413,有限公司,Y,251199,其他金屬手工具製造,,,,,,
"新北市新莊區五權二路２０號４樓之８",90452980,,"榕灃實業有限公司",300000,1101012,有限公司,N,455211,服裝批發,,,,,,
"新北市新莊區五權二路２０號５樓之２",23606640,,"琮利企業有限公司",2000000,0781229,有限公司,Y,220999,未分類其他塑膠製品製造,,,,,,
"新北市新莊區五權二路２０號５樓之８",86238398,,"龍冠精密塑膠鋼模有限公司",1000000,0800712,有限公司,Y,251211,塑膠成型模具製造,,,,,,
"新北市新莊區五權二路２０號６樓之１",23128009,,"欣格針車股份有限公司",5000000,0800316,股份有限公司,Y,464313,紡織及成衣機械批發,,,,,,
"新北市新莊區五權二路２０號６樓之１１",23865174,,"全立工業有限公司",5000000,0791015,有限公司,Y,321999,未分類其他非金屬家具製造,,,,,,
"新北市新莊區五權二路２０號６樓之４",86085230,,"主富有限公司",5000000,0800308,有限公司,Y,322000,金屬家具製造,,,,,,
"新北市新莊區五權二路２０號６樓之５",70708400,,"凱翔彈簧有限公司",1000000,0890503,有限公司,Y,259999,其他未分類金屬製品製造,,,,,,
"新北市新莊區五權二路２０號６樓之７",23396139,,"熀文工業有限公司",5000000,0781030,有限公司,Y,283211,配線用開關、電插座製造,,,,,,
"新北市新莊區五權二路２０號７樓之１",23786571,,"龍天電子有限公司",2000000,0790903,有限公司,Y,269999,其他未分類電子零組件製造,,,,,,
"新北市新莊區五權二路２０號７樓之１１",97214083,,"一凡企業有限公司",5000000,0850919,有限公司,Y,242211,鋁合金鑄造,,,,,,
"新北市新莊區五權二路２０號７樓之２",86523344,,"全閎精密科技股份有限公司",15000000,0810602,股份有限公司,Y,464914,量測設備批發,681112,不動產租賃,,,,
"新北市新莊區五權二路２０號７樓之６",86195905,,"捷旺企業有限公司",5000000,0800604,有限公司,Y,464111,電腦及電腦週邊設備批發,464211,電子器材、電子設備批發,,,,
"新北市新莊區五權二路２０號７樓之９",24776360,,"晉立威股份有限公司",1800000,1031211,股份有限公司,Y,454918,麵食品批發,,,,,,
"新北市新莊區五權二路２０號８樓之１",84397639,,"美瑞德有限公司",5000000,0820622,有限公司,Y,331400,文具製造,,,,,,
"新北市新莊區五權二路２０號８樓之１０",12454884,,"柏城股份有限公司",5000000,0810123,股份有限公司,Y,464914,量測設備批發,,,,,,
"新北市新莊區五權二路２０號８樓之８",16302522,,"曼頓實業有限公司",23000000,0870204,有限公司,Y,464999,未分類其他機械器具批發,455999,未分類其他服飾品批發,,,,
"新北市新莊區五權二路２２號之３，１至２樓",23207952,,"全烽企業有限公司",15000000,0780306,有限公司,Y,464999,未分類其他機械器具批發,,,,,,
"新北市新莊區五權二路２２號之４",89383965,,"星閣股份有限公司",5000000,0840811,股份有限公司,Y,461516,建材五金（基本金屬）批發,,,,,,
"新北市新莊區五權二路２２號之８，１至２樓",23509534,,"星輝箔粉股份有限公司",10000000,0800418,股份有限公司,Y,469999,其他未分類專賣批發,,,,,,
"新北市新莊區五權二路２２號３樓之１０",28871718,,"北興隆食品有限公司",600000,0961129,有限公司,Y,454513,乳製品（奶粉除外）批發,454999,未分類其他食品批發,,,,
"新北市新莊區五權二路２２號３樓之４",36085256,,"盛力機電實業有限公司",5000000,0710112,有限公司,Y,292800,電子及半導體生產用機械設備製造,,,,,,
"新北市新莊區五權二路２２號３樓之５",23543836,,"任務企業有限公司",12000000,0781208,有限公司,Y,464920,電力設備器材批發,,,,,,
"新北市新莊區五權二路２２號３樓之７",23389159,,"高鎰實業股份有限公司",5000000,0780717,股份有限公司,Y,251299,其他金屬模具製造,,,,,,
"新北市新莊區五權二路２２號４樓之２",34098869,,"良一齒輪工業有限公司",3000000,0650801,有限公司,Y,292999,其他未分類專用機械設備製造,,,,,,
"新北市新莊區五權二路２２號４樓之３",34061899,,"今豐工業有限公司",5000000,0641101,有限公司,Y,292999,其他未分類專用機械設備製造,,,,,,
"新北市新莊區五權二路２２號５樓之８",02076568,,"大愛機械有限公司",5000000,0740817,有限公司,Y,292700,橡膠及塑膠加工用機械設備製造,,,,,,
"新北市新莊區五權二路２２號５樓之８",36253605,,"同發貿易有限公司",5000000,0730101,有限公司,Y,469999,其他未分類專賣批發,561115,餐館、餐廳,,,,
"新北市新莊區五權二路２２號５樓之９",23847795,,"偉倫家具有限公司",1000000,0820107,有限公司,Y,681112,不動產租賃,,,,,,
"新北市新莊區五權二路２２號６樓之１０",22888662,,"赫爾股份有限公司",25000000,0770524,股份有限公司,Y,269999,其他未分類電子零組件製造,,,,,,
"新北市新莊區五權二路２２號６樓之２",34568284,,"嶸昌機械股份有限公司",72000000,0720706,股份有限公司,Y,292999,其他未分類專用機械設備製造,,,,,,
"新北市新莊區五權二路２２號７樓之１",22734365,,"順竑企業股份有限公司",5000000,0810612,股份有限公司,Y,461515,建材五金（螺絲、螺帽、鉚釘等金屬製品）批發,,,,,,
"新北市新莊區五權二路２２號７樓之１",23852662,,"永捷實業有限公司",1000000,0790918,有限公司,Y,293999,未分類其他通用機械設備製造,,,,,,
"新北市新莊區五權二路２２號７樓之１０",23865499,,"登巨科技有限公司",1000000,0791015,有限公司,Y,241212,鑄鐵件鑄造,,,,,,
"新北市新莊區五權二路２２號７樓之３",23390825,,"勳鴻企業有限公司",2000000,0781122,有限公司,Y,461515,建材五金（螺絲、螺帽、鉚釘等金屬製品）批發,,,,,,
"新北市新莊區五權二路２２號７樓之７",23864230,,"林純企業有限公司",1000000,0791011,有限公司,Y,462099,其他化學原材料及其製品批發,,,,,,
"新北市新莊區五權二路２２號７樓之８",23828544,,"百和實業有限公司",1000000,0790806,有限公司,Y,462099,其他化學原材料及其製品批發,,,,,,
"新北市新莊區五權二路２２號８樓之１１",70444105,,"旌凱有限公司",9000000,0880929,有限公司,N,469999,其他未分類專賣批發,,,,,,
"新北市新莊區五權二路２２號８樓之２",86193511,,"雅輝企業有限公司",2000000,0801230,有限公司,Y,681112,不動產租賃,,,,,,
"新北市新莊區五權二路２２號８樓之３",04804579,,"千固實業股份有限公司",10000000,0690419,股份有限公司,Y,210999,未分類其他橡膠製品製造,,,,,,
"新北市新莊區五權二路２２號８樓之５",86543453,,"千錦包裝事業股份有限公司",1600000,0810122,股份有限公司,Y,140400,木質容器製造,,,,,,
"新北市新莊區五權二路２２號８樓之９",22867483,,"幻象鐘錶有限公司",10000000,0770416,有限公司,Y,681112,不動產租賃,456512,眼鏡及其零配件批發,959915,鐘錶維修,456511,鐘錶及鐘錶零件批發
"新北市新莊區五權二路２４之１號",23517823,,"佳糧股份有限公司",29700000,0830128,股份有限公司,Y,089111,糕餅麵包製造,,,,,,
"新北市新莊區五權二路２４號，１至２樓",23515753,,"和祥鈿工業有限公司",10000000,0781104,有限公司,Y,322000,金屬家具製造,,,,,,
"新北市新莊區五權二路２４號３樓之１",84620454,,"立信資訊用品有限公司",50000000,0821231,有限公司,Y,160100,印刷,,,,,,
"新北市新莊區五權二路２４號３樓之３",23523037,,"安葦工業有限公司",17000000,0781117,有限公司,Y,220111,塑膠皮、塑膠布製造,331299,其他玩具及遊戲機製造,259999,其他未分類金屬製品製造,269911,電子連接器（線）製造
"新北市新莊區五權二路２４號３樓之４",23520670,,"安慰工業有限公司",5000000,0781115,有限公司,Y,220111,塑膠皮、塑膠布製造,,,,,,
"新北市新莊區五權二路２４號５樓之４",23562538,,"大瑜股份有限公司",5000000,0790103,股份有限公司,Y,220999,未分類其他塑膠製品製造,681112,不動產租賃,,,,
"新北市新莊區五權二路２４號７樓之１",22586293,,"化成企業有限公司",1000000,0760828,有限公司,Y,681112,不動產租賃,160212,印刷品裝訂及加工,284299,其他照明器具製造,,
"新北市新莊區五權二路２４號７樓之２",12819630,,"出版家紙業印刷裝訂有限公司",10000000,0900907,有限公司,Y,681112,不動產租賃,,,,,,
"新北市新莊區五權二路２６號之３",34548302,,"立安事務用品有限公司",30000000,0740412,有限公司,Y,159999,其他未分類紙製品製造,,,,,,
"新北市新莊區五權二路２６號１樓",35933387,,"瑞峯塑膠有限公司",15000000,0671117,有限公司,Y,220212,塑膠袋製品製造,487912,非店面零售代理,,,,
"新北市新莊區五權二路２６號３樓之３",12101073,,"萊孚國際有限公司",10000000,0810113,有限公司,Y,284212,美術燈製造,,,,,,
"新北市新莊區五權二路２６號３樓之４",34008918,,"西石興業有限公司",20000000,0630701,有限公司,Y,289099,未分類其他電力設備及配備製造,,,,,,
"新北市新莊區五權二路２６號４樓之１",12917317,,"展貿科技有限公司",5000000,0901126,有限公司,Y,464211,電子器材、電子設備批發,,,,,,
"新北市新莊區五權二路２６號４樓之１",16125293,,"皓智企業股份有限公司",20000000,0870119,股份有限公司,Y,269911,電子連接器（線）製造,,,,,,
"新北市新莊區五權二路２６號４樓之２",97342215,,"崴信科技股份有限公司",15000000,0860103,股份有限公司,N,464211,電子器材、電子設備批發,,,,,,
"新北市新莊區五權二路２６號４樓之３",21248534,,"其朋半導体股份有限公司",150000000,0800805,股份有限公司,Y,261199,其他積體電路製造,,,,,,
"新北市新莊區五權二路２６號５樓之２",86599723,,"青城有限公司",30000000,0820210,有限公司,Y,259999,其他未分類金屬製品製造,,,,,,
"新北市新莊區五權二路２６號６樓之１",27811299,,"今點科技股份有限公司",7000000,0940608,股份有限公司,Y,283100,電線及電纜製造,,,,,,
"新北市新莊區五權二路２６號６樓之２",23374135,,"弘敬有限公司",8000000,0780620,有限公司,N,456311,寢具批發,,,,,,
"新北市新莊區五權二路２６號６樓之３",23914196,,"大佳科技股份有限公司",20000000,0830513,股份有限公司,Y,254411,基本金屬表面處理,,,,,,
"新北市新莊區五權二路２６號７樓之３",22205386,,"伸高企業有限公司",1000000,0750625,有限公司,Y,464999,未分類其他機械器具批發,,,,,,
"新北市新莊區五權二路２６號７樓之３",23560567,,"顓暘光電科技股份有限公司",17000000,0801121,股份有限公司,Y,283100,電線及電纜製造,484211,全新機車零售,269911,電子連接器（線）製造,303011,汽車電力系統製造
"新北市新莊區五權二路８號７樓",66559060,,"金程電子有限公司",5000000,1060427,有限公司,Y,269999,其他未分類電子零組件製造,,,,,,
"新北市新莊區五股工業區五工五路１１號",22752216,,"台灣中瑞國際企業股份有限公司",30000000,0830505,股份有限公司,Y,121017,其他梭織外衣製造,455211,服裝批發,471999,未分類其他綜合商品零售,,
"新北市新莊區仁愛街１號",65366500,,"雄騰國際有限公司",7000000,1050902,有限公司,Y,454921,動物飼品批發,,,,,,
"新北市新莊區仁愛街１５之１號",82104828,,"綠森活園藝",200000,1070531,獨資,N,485111,切花、盆栽零售,,,,,,
"新北市新莊區仁愛街１５號（２樓）",37901024,,"瑞嘉汽車工作室",50000,1020729,獨資,Y,951199,其他汽車維修,484311,汽車零件、汽車百貨零售,,,,
"新北市新莊區仁愛街４３號（１樓）",72692452,,"泳樂嬰幼兒企業社",200000,1061222,獨資,N,932999,未分類其他娛樂及休閒服務,476399,其他玩具及娛樂用品零售,,,,
"新北市新莊區仁愛街４４之３號",42724040,,"食神科技有限公司",2000,1070521,有限公司,Y,454999,未分類其他食品批發,,,,,,
"新北市新莊區仁愛街４６號",86101858,,"巨輪實業有限公司",1000000,0800423,有限公司,Y,474113,家用空調器及其零件零售,,,,,,
"新北市新莊區仁愛街５３號１樓",20483911,,"巧膳屋",30000,0860617,獨資,N,561111,早餐店,,,,,,
"新北市新莊區仁愛街６３之３號",41377423,,"日鉅工程行",200000,1040514,獨資,Y,433111,水電工程,,,,,,
"新北市新莊區仁愛街６３號（１樓）",69436839,,"翰鼎企業股份有限公司",10000000,1070419,股份有限公司,Y,476299,其他運動用品及器材零售,,,,,,
"新北市新莊區仁愛街７之２號",14502052,,"林麗敏娃娃車",50000,0910128,獨資,N,932411,電動玩具店,,,,,,
"新北市新莊區仁愛里幸福路４３號",50675839,,"不二弄咖啡",200000,1060407,獨資,N,563111,冰果店、冷（熱）飲店,,,,,,
"新北市新莊區仁愛里幸福路４５號",24248713,,"傑史米有限公司",250000,0971017,有限公司,Y,475299,其他化粧品零售,,,,,,
"新北市新莊區仁愛里幸福路４７號１樓",91275055,,"千帆精品服飾店",200000,1100630,獨資,N,473999,未分類其他服飾品零售,,,,,,
"新北市新莊區仁愛里幸福路５１之３號",47988371,,"振浤企業社",200000,1051018,獨資,Y,494099,其他汽車貨運,,,,,,
"新北市新莊區仁愛里幸福路５１之３號",80423678,,"銘弘工程有限公司",1000000,0920626,有限公司,Y,431014,檔土支撐及土方工程,,,,,,
"新北市新莊區仁愛里幸福路５３號１樓",49890607,,"隆陞男飾店",50000,0940919,獨資,N,473211,服裝零售,,,,,,
"新北市新莊區仁愛里幸福路５５之１號（２樓）",53718072,,"逸美企業有限公司",1000000,1010718,有限公司,Y,321999,未分類其他非金屬家具製造,456311,寢具批發,,,,
"新北市新莊區仁愛里幸福路５５號１樓",50680571,,"活力補給傳統整復推拿館",200000,1060428,合夥,N,969015,按摩服務,,,,,,
"新北市新莊區仁愛里幸福路５７號１樓",49795940,,"阿娥涼麵店",100000,1050225,獨資,N,561113,麵店、小吃店,,,,,,
"新北市新莊區仁愛里幸福路５９號１樓",14500701,,"雅園檳榔站",50000,0910114,獨資,N,472999,未分類其他食品、飲料及菸草製品零售,,,,,,
"新北市新莊區仁愛里幸福路５９號２樓",83975317,,"魔剪髮型改造",240000,0871030,獨資,N,962112,理髮店,,,,,,
"新北市新莊區仁愛里幸福路６１號（１樓）",72677277,,"美滋星企業社",3069,1061005,獨資,N,920011,彩券銷售,,,,,,
"新北市新莊區仁愛里幸福路６１號（１樓）",82129779,,"彩鑫運動彩券",200000,1070828,獨資,N,920011,彩券銷售,,,,,,
"新北市新莊區仁愛里幸福路７１號１樓",91259203,,"謝嘉檳榔",200000,1100423,獨資,N,472936,檳榔零售,,,,,,
"新北市新莊區仁愛里幸福路７７號１、２樓",65670734,,"如雅有限公司",200000,1050922,有限公司,Y,475299,其他化粧品零售,,,,,,
"新北市新莊區仁愛里福壽街１１號",39956137,,"張秀琴",30000,1020605,獨資,N,561113,麵店、小吃店,,,,,,
"新北市新莊區仁愛里福壽街１３號",82305986,,"蔣家當歸鴨",200000,1080226,獨資,N,561113,麵店、小吃店,,,,,,
"新北市新莊區仁愛里福壽街１９號１樓",26755896,,"胖胖便當店",50000,1010116,獨資,N,561115,餐館、餐廳,561113,麵店、小吃店,,,,
"新北市新莊區仁愛里福壽街２１號（１樓）",26762600,,"向心園茶飲",200000,1010306,獨資,N,472914,飲料零售,472999,未分類其他食品、飲料及菸草製品零售,,,,
"新北市新莊區仁愛里福壽街２５號（１樓）",91188290,,"三方味小吃店",200000,1100511,獨資,N,561113,麵店、小吃店,,,,,,
"新北市新莊區仁愛里福壽街２９、３１號１樓",83478508,22555003,"統一超商股份有限公司新北市第一三四八分公司",0,1090318,本國公司設立之分公司,Y,471112,直營連鎖式便利商店,,,,,,
"新北市新莊區仁愛里福壽街３５號１樓",42241163,,"宏福造型髮藝店",50000,1050412,獨資,N,962112,理髮店,,,,,,
"新北市新莊區仁愛里福壽街３９號１樓",39954742,,"德聖北港肉焿小吃店",50000,1020531,獨資,N,561113,麵店、小吃店,,,,,,
"新北市新莊區仁愛里福壽街４１號１樓",01218483,,"葉建宏",50000,1020808,獨資,N,561113,麵店、小吃店,,,,,,
"新北市新莊區仁愛里福壽街４５號１樓",72681477,,"娃娃樂商行",80000,1061030,獨資,N,932414,夾娃娃機店,,,,,,
"新北市新莊區仁愛里福壽街４７號１樓",09886450,,"吉品韓鍋小吃店",50000,0960717,獨資,N,561111,早餐店,,,,,,
"新北市新莊區仁愛里福壽街４９巷１４之１號",72659931,,"湧騰工程行",200000,1060712,獨資,Y,461515,建材五金（螺絲、螺帽、鉚釘等金屬製品）批發,481011,漆料及塗料零售,433212,管道工程,434013,房屋設備安裝工程
"新北市新莊區仁愛里福壽街４９巷６號",91204171,,"安妞歐商行",200000,1100720,獨資,N,474999,未分類其他家用器具及用品零售,,,,,,
"新北市新莊區仁愛里福壽街５號１樓",31675084,,"孔令達",100000,1010307,獨資,N,932414,夾娃娃機店,,,,,,
"新北市新莊區仁愛里福壽街５１號１樓",99834476,,"眼鏡張小吃店",8000,0930906,獨資,N,561113,麵店、小吃店,,,,,,
"新北市新莊區仁愛里福壽街５３―２號",24730549,,"天祥玉有限公司",100000,1040310,有限公司,Y,434014,防水工程,,,,,,
"新北市新莊區仁愛里福壽街５３號１樓",30275265,,"黃家正宗台南古早味小吃店",10000,0980605,獨資,N,561111,早餐店,,,,,,
"新北市新莊區仁愛里福壽街５５號",02217568,,"億發電腦彩券投注站",150000,1021030,獨資,N,920011,彩券銷售,,,,,,
"新北市新莊區仁愛里福壽街５７號之１號",80049096,,"金信印刷有限公司",1000000,0911008,有限公司,Y,458111,文具批發,,,,,,
"新北市新莊區仁愛里福壽街５９巷２之１號",28786298,,"鼎元旭有限公司",800000,0960918,有限公司,Y,456211,國產家用家具批發,,,,,,
"新北市新莊區仁愛里福壽街６１號前",39960370,,"王怡樺",30000,1020618,獨資,N,561113,麵店、小吃店,,,,,,
"新北市新莊區仁愛里福壽街６３號１樓",91276337,,"承記鍋貼",50,1100706,獨資,N,561113,麵店、小吃店,,,,,,
"新北市新莊區仁愛里福壽街６５號（１樓）",87479562,,"和聚商行",200000,1091207,獨資,Y,563111,冰果店、冷（熱）飲店,,,,,,
"新北市新莊區仁愛里福壽街９號１樓",39956170,,"王義發",50000,1020605,獨資,N,561111,早餐店,,,,,,
"新北市新莊區仁愛里福樂街１０２號１樓",67806764,,"合好攝影社",50000,0870403,獨資,N,760112,相片沖洗,474922,照相器材零售,,,,
"新北市新莊區仁愛里福樂街１０２號２樓",39954736,,"傅淑翠",20000,1020531,獨資,N,962112,理髮店,,,,,,
"新北市新莊區仁愛里福樂街１０８巷１１號４樓",54718521,,"義豐化學材料有限公司",100000,1030508,有限公司,Y,462099,其他化學原材料及其製品批發,,,,,,
"新北市新莊區仁愛里福樂街１０８巷２６號２樓",83169427,,"嘉綸企業有限公司",1000000,1091019,有限公司,Y,681112,不動產租賃,,,,,,
"新北市新莊區仁愛里福樂街１０８巷３號２樓",49915537,,"鴻騰水電工程行",450000,0941005,獨資,Y,433111,水電工程,433112,電路工程,,,,
"新北市新莊區仁愛里福樂街１０８巷３０號３樓",83685422,,"尊澤工程有限公司",200000,1090723,有限公司,Y,433199,其他機電、電信及電路設備裝修,,,,,,
"新北市新莊區仁愛里福樂街１０８巷３１號（１樓）",42739584,,"品安檢測科技有限公司",50000,1070727,有限公司,Y,464211,電子器材、電子設備批發,,,,,,
"新北市新莊區仁愛里福樂街１０８巷７號４樓",97478129,,"鑫華防水工程有限公司",1000000,0860725,有限公司,Y,434011,室內裝潢工程,434012,油漆粉刷、壁飾（紙）黏貼工程,,,,
"新北市新莊區仁愛里福樂街１１０號１樓",49890959,,"鵝肉扁",100000,0940919,獨資,N,561111,早餐店,,,,,,
"新北市新莊區仁愛里福樂街１１２號１樓",76882236,,"利美洗衣店",40000,0800627,獨資,N,961011,洗衣服務,,,,,,
"新北市新莊區仁愛里福樂街１１６號（１樓）",85139075,,"稻香春小吃店",100000,1080523,獨資,N,561112,便當、自助餐店,,,,,,
"新北市新莊區仁愛里福樂街１１８巷１弄１１號２樓",53460164,,"坤正企業有限公司",1000000,1001124,有限公司,Y,469199,其他回收物料批發,383099,其他資源回收處理,381114,資源回收物清除,,
"新北市新莊區仁愛里福樂街１１８巷１弄１２號２樓",83045334,,"日上詳企業有限公司",1500000,1091008,有限公司,Y,464211,電子器材、電子設備批發,464299,其他電子、通訊設備及其零組件批發,740200,工業設計,,
"新北市新莊區仁愛里福樂街１１８巷１弄１３號２樓",50663025,,"融輝企業社",200000,1060213,獨資,Y,293999,未分類其他通用機械設備製造,,,,,,
"新北市新莊區仁愛里福樂街１１８巷１弄１３號３樓",67037723,,"宏臣能源科技有限公司",100000,1060928,有限公司,Y,433112,電路工程,,,,,,
"新北市新莊區仁愛里福樂街１１８巷１弄１５號１樓",87319812,,"漁田屋日式料理",30000,1090512,獨資,N,561113,麵店、小吃店,,,,,,
"新北市新莊區仁愛里福樂街１１８巷１弄２號２樓",50657522,,"豐泰玻璃行",200000,1060105,獨資,Y,461516,建材五金（基本金屬）批發,434013,房屋設備安裝工程,,,,
"新北市新莊區仁愛里福樂街１１８巷１弄２號２樓",50986756,,"興政企業有限公司",1000000,1080201,有限公司,Y,464999,未分類其他機械器具批發,,,,,,
"新北市新莊區仁愛里福樂街１１８巷１弄２號２樓",91184870,,"申煜工程行",50000,1100428,獨資,Y,431016,鋼構工程,434012,油漆粉刷、壁飾（紙）黏貼工程,,,,
"新北市新莊區仁愛里福樂街１１８巷１弄２２號４樓",08740788,,"臣展工程行",200000,0940817,獨資,Y,429099,未分類其他土木工程,,,,,,
"新北市新莊區仁愛里福樂街１１８巷１弄２２號４樓",30295804,,"宇泰工程行",200000,0981001,獨資,Y,434011,室內裝潢工程,,,,,,
"新北市新莊區仁愛里福樂街１１８巷１弄３號２樓",20293980,,"欽亞汽車商行",200000,0910701,獨資,Y,484112,中古汽車零售,,,,,,
"新北市新莊區仁愛里福樂街１１８巷１弄７號４樓",46007929,,"金金來科技貿易有限公司",1000000,1050422,有限公司,Y,456999,未分類其他家用器具及用品批發,,,,,,
"新北市新莊區仁愛里福樂街１１８巷１弄８號４樓",21574431,,"佑承保溫企業社",200000,0940524,獨資,Y,433212,管道工程,,,,,,
"新北市新莊區仁愛里福樂街１１８巷１７號４樓",82146926,,"富瑞實業社",200000,1071127,獨資,Y,812100,建築物一般清潔服務,812911,病媒防治服務,,,,
"新北市新莊區仁愛里福樂街１１８巷１９號１樓",34915186,,"秋詩髮廊",200000,0990701,獨資,N,962112,理髮店,,,,,,
"新北市新莊區仁愛里福樂街１１８巷８號１樓",28346449,,"鍏鋐精密實業有限公司",500000,0950630,有限公司,Y,461517,金屬手工具批發,,,,,,
"新北市新莊區仁愛里福樂街１１８巷９號（１樓）",91232958,,"河間堂企業社",100000,1101019,獨資,N,472999,未分類其他食品、飲料及菸草製品零售,,,,,,
"新北市新莊區仁愛里福樂街１１８巷９號１樓",41373025,,"牪牪蔬菓行",240000,1040420,獨資,N,472111,蔬菜零售,472112,水果零售,,,,
"新北市新莊區仁愛里福樂街１１８巷９號２樓",87484262,,"福田資訊服務企業社",200000,1091224,獨資,Y,631299,其他資料處理、主機及網站代管服務,,,,,,
"新北市新莊區仁愛里福樂街１２０號１樓",82125915,,"紫竹林蔬菜店",100000,1070808,獨資,N,472111,蔬菜零售,,,,,,
"新北市新莊區仁愛里福樂街１２２號４樓",85440731,,"順勝水電工程行",200000,1090724,獨資,Y,433111,水電工程,,,,,,
"新北市新莊區仁愛里福樂街１２４號１樓",87362922,87319812,"漁田屋日式料理營業所",0,1090525,獨資,N,561113,麵店、小吃店,,,,,,
"新北市新莊區仁愛里福樂街１３０號１樓",42236112,,"松達小吃店",200000,1050317,獨資,N,561115,餐館、餐廳,,,,,,
"新北市新莊區仁愛里福樂街１３２巷１弄１號",50632451,,"雅云名店",50000,1050818,獨資,N,473211,服裝零售,,,,,,
"新北市新莊區仁愛里福樂街１３２巷１弄３號３樓",54046138,,"展旭有限公司",1000000,1020319,有限公司,Y,461515,建材五金（螺絲、螺帽、鉚釘等金屬製品）批發,464999,未分類其他機械器具批發,464211,電子器材、電子設備批發,,
"新北市新莊區仁愛里福樂街１３２巷１弄３號３樓",67039406,,"川太有限公司",5000000,1060929,有限公司,Y,464999,未分類其他機械器具批發,,,,,,
"新北市新莊區仁愛里福樂街１３２巷１弄３號４樓",09638451,,"家順工程行",200000,0950328,獨資,Y,434011,室內裝潢工程,,,,,,
"新北市新莊區仁愛里福樂街１３２巷１０號４樓",26760716,,"宸隆電子企業社",200000,1010222,獨資,Y,464211,電子器材、電子設備批發,259999,其他未分類金屬製品製造,,,,
"新北市新莊區仁愛里福樂街１３２巷１６號４樓",42235508,,"禾新服裝工作室",50000,1050315,獨資,N,473211,服裝零售,487113,經營網路購物,,,,
"新北市新莊區仁愛里福樂街１３２巷５號",24718475,,"澄樂室內裝修有限公司",1000000,1040105,有限公司,Y,434011,室內裝潢工程,434013,房屋設備安裝工程,,,,
"新北市新莊區仁愛里福樂街１３４號２樓",24291197,,"友善設計有限公司",250000,0980121,有限公司,Y,760999,其他未分類專業、科學及技術服務,,,,,,
"新北市新莊區仁愛里福樂街１３４號２樓",90776812,,"曜傑國際有限公司",100000,1100414,有限公司,Y,464211,電子器材、電子設備批發,454999,未分類其他食品批發,,,,
"新北市新莊區仁愛里福樂街１３６號",14174564,,"民德世家檳榔行福樂分店",50000,0901005,獨資,N,472999,未分類其他食品、飲料及菸草製品零售,,,,,,
"新北市新莊區仁愛里福樂街１４０號２樓",53432359,,"廣廈室內裝修有限公司",500000,1000826,有限公司,Y,434011,室內裝潢工程,,,,,,
"新北市新莊區仁愛里福樂街１４２號",31609584,,"林美華",600000,1001130,獨資,N,472111,蔬菜零售,472112,水果零售,,,,
"新北市新莊區仁愛里福樂街１４２號２樓",53722478,,"新盛一實業有限公司",3600000,1010813,有限公司,Y,731099,其他廣告服務,740100,室內設計,434011,室內裝潢工程,434012,油漆粉刷、壁飾（紙）黏貼工程
"新北市新莊區仁愛里福樂街１４２號２樓",83176692,,"品川事業股份有限公司",1000000,1090810,股份有限公司,N,702099,其他管理顧問服務,,,,,,
"新北市新莊區仁愛里福樂街１４２號３樓",80928023,,"財翌工程行",49000,0920224,獨資,Y,410011,房屋修繕,,,,,,
"新北市新莊區仁愛里福樂街１４８號",50633156,,"瓊安屋",50000,1050819,獨資,N,473999,未分類其他服飾品零售,,,,,,
"新北市新莊區仁愛里福樂街１５０號",39980072,,"徐俐敏",50000,1020704,獨資,N,472111,蔬菜零售,,,,,,
"新北市新莊區仁愛里福樂街１５４號",37877050,,"智信咖啡",100000,1020328,獨資,N,472914,飲料零售,,,,,,
"新北市新莊區仁愛里福樂街１５６巷１０號２樓",90683764,,"凰妃娛樂經紀有限公司",1000000,1100329,有限公司,Y,669199,其他投資顧問,681111,不動產買賣,,,,
"新北市新莊區仁愛里福樂街１５６巷１０號２樓",91067818,,"九一零行銷有限公司",1000000,1100714,有限公司,Y,731099,其他廣告服務,,,,,,
"新北市新莊區仁愛里福樂街１５６巷１０號２樓",91084464,,"方義飲品研發有限公司",1000000,1100726,有限公司,N,563112,咖啡館,,,,,,
"新北市新莊區仁愛里福樂街１５６巷１０號２樓",91084680,,"日月瀚光電科技有限公司",1000000,1100726,有限公司,N,269999,其他未分類電子零組件製造,,,,,,
"新北市新莊區仁愛里福樂街１５６巷１２弄１０號（１樓）",83289491,,"赫米有限公司",300000,1091207,有限公司,Y,455216,手套、襪子批發,487113,經營網路購物,,,,
"新北市新莊區仁愛里福樂街１５６巷１２弄２號",72868846,,"快樂喵企業社",200000,1070327,獨資,N,483212,手機及手機週邊零配件零售,,,,,,
"新北市新莊區仁愛里福樂街１５６巷１２弄３號",86532195,,"惠隆五金有限公司",5000000,0810109,有限公司,Y,461517,金屬手工具批發,461515,建材五金（螺絲、螺帽、鉚釘等金屬製品）批發,,,,
"新北市新莊區仁愛里福樂街１５６巷１２弄９號",12444107,,"吉合利水電工程有限公司",2000000,0720618,有限公司,Y,433111,水電工程,,,,,,
"新北市新莊區仁愛里福樂街１５６巷１４弄１６號３樓",16593042,,"雄和企業有限公司",5000000,0870615,有限公司,Y,429099,未分類其他土木工程,461214,砂石批發,,,,
"新北市新莊區仁愛里福樂街１５６巷１４弄１６號３樓",16593253,,"捷雄企業有限公司",5000000,0870615,有限公司,Y,429099,未分類其他土木工程,,,,,,
"新北市新莊區仁愛里福樂街１５６巷１４弄１６號３樓",54704815,,"雄和工程有限公司",1000000,1030317,有限公司,Y,429099,未分類其他土木工程,,,,,,
"新北市新莊區仁愛里福樂街１５６巷１４弄１６號５樓",87496014,,"陞廣工程行",200000,1100222,獨資,Y,433111,水電工程,,,,,,
"新北市新莊區仁愛里福樂街１５６巷１４弄３號２樓",50991147,,"凱竑木業有限公司",7000000,1080306,有限公司,Y,434013,房屋設備安裝工程,434011,室內裝潢工程,,,,
"新北市新莊區仁愛里福樂街１５６巷１４弄６號５樓",10088721,,"全興企業社",1000000,0961127,獨資,Y,434013,房屋設備安裝工程,,,,,,
"新北市新莊區仁愛里福樂街１５６巷２號（１樓）",85148692,,"幸福小幸運早食屋",100000,1080701,獨資,N,561111,早餐店,,,,,,
"新北市新莊區仁愛里福樂街１５６巷２號１樓",28556465,,"嘉蜂科技有限公司",5000000,0960116,有限公司,Y,281099,其他發電、輸電及配電機械製造,,,,,,
"新北市新莊區仁愛里福樂街１５６巷６號２樓",50651999,,"鼎貿企業社",1000000,1051201,獨資,Y,456999,未分類其他家用器具及用品批發,,,,,,
"新北市新莊區仁愛里福樂街３５之１號",91199727,,"長紘商行",200000,1100706,獨資,Y,472211,畜肉零售,472311,水產品零售,,,,
"新北市新莊區仁愛里福樂街３５號之１",37958807,,"大食神薑母鴨",100000,1020220,獨資,N,561113,麵店、小吃店,,,,,,
"新北市新莊區仁愛里福樂街３９號１樓",09801755,,"健億機車行",60000,0960329,獨資,N,484314,機車零件、機車百貨零售,,,,,,
"新北市新莊區仁愛里福樂街４１號１樓",87298915,,"成菓食品行",200000,1090826,獨資,Y,454999,未分類其他食品批發,,,,,,
"新北市新莊區仁愛里福樂街４５號１樓",78218237,,"極品科技模型玩具行",200000,0810701,獨資,N,476313,模型零售,483300,視聽設備零售,,,,
"新北市新莊區仁愛里福樂街５９號",87298921,,"力天傳奇娛樂行號",200000,1090826,獨資,N,932414,夾娃娃機店,,,,,,
"新北市新莊區仁愛里福樂街６５號２樓",54712272,,"協天成貿易有限公司",5000000,1030414,有限公司,Y,456999,未分類其他家用器具及用品批發,454999,未分類其他食品批發,,,,
"新北市新莊區仁愛里福樂街６５號２樓",89340707,,"緯丞有限公司",5000000,0840322,有限公司,Y,456999,未分類其他家用器具及用品批發,,,,,,
"新北市新莊區仁愛里福樂街６７號１樓",98789797,,"輕鬆購生活工場",200000,0920718,獨資,Y,456999,未分類其他家用器具及用品批發,,,,,,
"新北市新莊區仁愛里福樂街７１巷３１號１樓",66603951,,"蔗雞王食品有限公司",500000,1060525,有限公司,Y,089999,其他未分類食品製造,453311,成畜批發,454999,未分類其他食品批發,472211,畜肉零售
"新北市新莊區仁義里幸福路１９號之３號",54043809,,"志愿事業有限公司",500000,1020312,有限公司,Y,963015,殯葬禮儀服務,,,,,,
"新北市新莊區仁義里幸福路１９號（１樓）",68677303,68591002,"撼動通訊股份有限公司中正分公司",0,1061218,本國公司設立之分公司,Y,483212,手機及手機週邊零配件零售,,,,,,
"新北市新莊區仁義里幸福路２１號１樓",27396954,23905605,"賀阡企業股份有限公司北縣幸福分公司",0,0930722,本國公司設立之分公司,Y,474113,家用空調器及其零件零售,474919,家用濾水器、淨水器零售,,,,
"新北市新莊區仁義里幸福路２３號之２號",86256873,,"啓業水電工程股份有限公司",6000000,0800827,股份有限公司,Y,433111,水電工程,,,,,,
"新北市新莊區仁義里幸福路２３號（１樓）",91220637,,"幸福二三童裝行",80000,1100908,獨資,N,473999,未分類其他服飾品零售,,,,,,
"新北市新莊區仁義里幸福路２５號１樓",99264279,,"成泰車業行",200000,0930107,獨資,Y,465314,機車零件、機車百貨批發,,,,,,
"新北市新莊區仁義里幸福路２７號（１樓）",54727269,53416750,"萬達寵物事業股份有限公司幸福分公司",0,1030618,本國公司設立之分公司,Y,469922,寵物用品批發,,,,,,
"新北市新莊區仁義里幸福路２９號１樓",36275869,,"尖峯眼鏡行",30000,0730927,獨資,N,474412,眼鏡及其零配件零售,475113,醫療耗材零售,,,,
"新北市新莊區仁義里幸福路２９號２樓",87493683,,"陳布陳布工程行",200000,1100203,獨資,Y,461515,建材五金（螺絲、螺帽、鉚釘等金屬製品）批發,456199,其他家用電器批發,,,,
"新北市新莊區仁義里幸福路３號",02194994,,"豪祥機車行",30000,0811101,獨資,N,959100,機車維修,,,,,,
"新北市新莊區仁義里幸福路３１號１樓",99749464,,"自強小吃店",350000,0930602,獨資,N,561115,餐館、餐廳,,,,,,
"新北市新莊區仁義里幸福路３５號１樓",59018651,28890237,"昇洽有限公司幸福分公司",0,1061218,本國公司設立之分公司,Y,464214,手機及手機週邊零配件批發,,,,,,
"新北市新莊區仁義里幸福路３７號１樓",54047853,,"吉俐通訊有限公司",100000,1020322,有限公司,Y,483212,手機及手機週邊零配件零售,483299,其他通訊設備零售,,,,
"新北市新莊區仁義里幸福路３９號（１樓）",50975667,,"幸福弄有限公司",500000,1071204,有限公司,Y,563111,冰果店、冷（熱）飲店,,,,,,
"新北市新莊區仁義里幸福路５號",97360711,,"翔鴻事業有限公司",1000000,0860131,有限公司,Y,731013,公開展示廣告,,,,,,
"新北市新莊區仁義里幸福路７－４號",67792620,,"國富工程行",200000,0870103,獨資,Y,434012,油漆粉刷、壁飾（紙）黏貼工程,,,,,,
"新北市新莊區仁義里幸福路９號",85423515,,"元興小吃店",200000,1090522,獨資,N,561112,便當、自助餐店,,,,,,
"新北市新莊區仁義里思源路２４３號",90766053,,"鉅祿實業有限公司",1000000,1100318,有限公司,Y,451099,其他商品批發經紀,,,,,,
"新北市新莊區仁義里思源路２４９號",83593578,,"益轟電車有限公司",5000000,1090706,有限公司,Y,465211,全新機車批發,465314,機車零件、機車百貨批發,464211,電子器材、電子設備批發,,
"新北市新莊區仁義里思源路２５３號",85274022,,"金邊養生館",100000,1080715,獨資,N,969015,按摩服務,,,,,,
"新北市新莊區仁義里思源路２５５號４樓",42726027,,"熊寶貝興業有限公司",2000000,1070528,有限公司,Y,456799,其他清潔用品批發,464111,電腦及電腦週邊設備批發,,,,
"新北市新莊區仁義里思源路２６１號",31689658,,"奕大油漆行",200000,1010703,獨資,Y,461400,漆料及塗料批發,481011,漆料及塗料零售,,,,
"新北市新莊區仁義里思源路２６９號",72870532,,"程邦車體施工",100000,1070403,獨資,N,951200,汽車美容,,,,,,
"新北市新莊區仁義里思源路２７５號３樓",70636877,,"祥証企業有限公司",12000000,0881018,有限公司,Y,461517,金屬手工具批發,456999,未分類其他家用器具及用品批發,456917,陶瓷器皿及餐具批發,456399,其他家飾品批發
"新北市新莊區仁義里思源路２７９號",41393090,,"車醬美汽車美容",50000,1040806,獨資,N,951200,汽車美容,,,,,,
"新北市新莊區仁義里思源路２８７巷１弄２５號",24401238,,"四季整合行銷有限公司",3000000,0980506,有限公司,Y,903015,藝術表演活動籌辦、監製與經紀,903018,燈光、舞台設計服務,731099,其他廣告服務,740912,商業設計
"新北市新莊區仁義里思源路２８７巷１弄２９號２樓",86965761,,"瑞稜實業有限公司",5000000,0811016,有限公司,Y,251211,塑膠成型模具製造,,,,,,
"新北市新莊區仁義里思源路２８７巷１弄３號１樓",22403359,,"創昱企業有限公司",5000000,0760327,有限公司,Y,464318,木材加工用機械批發,,,,,,
"新北市新莊區仁義里思源路２８７巷１弄３號１樓",86436926,,"屹立工業股份有限公司",10000000,0801227,股份有限公司,Y,291299,其他金屬切削工具機製造,,,,,,
"新北市新莊區仁義里思源路２８７巷１弄３３號（１樓）",42703988,,"晶喜國際興業有限公司",1000000,1050115,有限公司,Y,220911,塑膠日用品製造,,,,,,
"新北市新莊區仁義里思源路２８７巷１弄５號４樓",28048223,,"維美實業有限公司",500000,0941221,有限公司,Y,461515,建材五金（螺絲、螺帽、鉚釘等金屬製品）批發,464999,未分類其他機械器具批發,,,,
